关键词,频率
 ,3906
体验,793
交互,597
全文,357
智能,189
上,144
都,131
设计,130
苹果,128
很,127
更,124
数字,118
用户,117
带来,114
技术,106
中,105
人,105
游戏,102
还,98
科技,98
空间,98
产品,97
AI,94
会,92
系统,92
Pro,89
功能,88
华为,88
全新,86
沉浸,85
大,84
不,83
新,83
看,81
场景,79
智慧,79
Vision,77
月,77
视频,76
手机,75
式,74
日,71
语音,66
未来,64
VR,64
好,63
应用,63
说,62
提升,60
世界,60
没有,59
下,57
使用,57
设备,57
升级,56
汽车,55
屏幕,55
…,55
发布,55
艺术,54
感,53
现实,53
做,52
创新,52
实现,51
非常,50
提供,50
方面,50
5,49
元,48
真的,47
驾驶,47
交互式,46
宇宙,46
感受,46
人机交互,45
内容,45
1,45
进行,44
屏,44
最,43
3D,43
生态,43
没,42
里,42
生活,42
头显,41
2023,41
##,41
微博,41
互动,41
Apple,40
很多,40
打造,40
模型,40
感觉,39
更加,39
支持,39
年,37
喜欢,37
6,36
博物馆,36
去,36
虚拟,35
AR,35
买,35
服务,35
现在,34
2,34
发展,34
一种,33
操作,33
推出,33
正式,33
融合,32
活动,32
需要,32
想,32
智能化,32
可能,32
行业,32
座舱,32
信息,32
展示,31
觉得,31
成为,31
问题,31
3,31
:,31
系列,31
硬件,30
视觉,30
「,30
MR,30
目前,30
后,30
能够,30
全家,29
桶,29
首款,28
中国,28
小,28
已经,28
不是,28
文化,28
一下,27
大家,27
安全,26
不错,26
不同,26
模式,26
不会,25
眼镜,25
核心,25
期待,25
方式,25
️,25
发布会,25
传统,25
显示,25
包括,24
全,24
开启,24
舒适,24
采用,24
基于,24
一起,24
现场,24
便捷,24
点,23
看到,23
更好,23
计算,23
iPhone,23
续航,23
拥有,23
需求,23
一款,23
移动,23
公司,23
英寸,23
城市,22
细节,22
折叠,22
交互方式,22
上海,22
版本,22
全球,22
挺,22
SUV,22
再,22
重要,22
高,22
手势,21
更新,21
品牌,21
装置,21
完全,21
时代,21
芯片,21
款,21
今天,21
阅读,21
感官,21
东西,20
流畅,20
直接,20
性能,20
时,20
搭载,20
车,20
社区,20
Z,20
消费,20
价格,19
玩,19
才,19
成都,19
娱乐,19
4,19
效果,19
~,19
只,19
有点,19
APP,19
开发者,19
玩家,19
教育,19
主要,19
中心,19
自然,19
加速,19
PC,19
控制,19
主题,19
配置,19
软件,18
感知,18
媒体,18
企业,18
发现,18
自动,18
应该,18
新体验,18
情感,18
快,18
丰富,18
能力,18
领域,18
已,18
内,18
集度,18
这款,18
创造,18
平板,18
度,18
极致,18
首个,18
确实,17
比较,17
10,17
其实,17
虚拟现实,17
机器人,17
开发,17
识别,17
了解,17
探索,17
01,17
简单,17
状态,17
外观,17
近日,17
人们,17
关注,17
小米,17
笔记本,17
ChatGPT,17
大会,17
平台,17
特别,17
之前,17
超级,17
林肯,17
知道,16
人工智能,16
pro,16
太,16
眼睛,16
美学,16
投影,16
真实,16
界面,16
时间,16
起来,16
基础,16
无,16
车型,16
选择,16
全屋,16
结合,16
⃣,16
优势,16
前,16
设置,16
对话,16
维塔,16
辅助,15
网页,15
来看,15
爱,15
互联网,15
展览,15
超,15
带,15
创意,15
工作,15
今日,15
30,15
来说,15
优化,15
 ,15
银河,15
8,14
依然,14
助力,14
进入,14
不用,14
分享,14
ROBO,14
上线,14
认知,14
适配,14
值得,14
数码,14
官方,14
数据,14
儿童,14
11,14
18,14
边界,14
上市,14
完,13
链接,13
这种,13
类似,13
健康,13
呈现,13
市场,13
国际,13
小时,13
展,13
化,13
出,13
这次,13
获得,13
在线,13
形式,13
这是,13
速度,13
内饰,13
型,13
大灯,13
&,13
银行,13
有趣,13
荣耀,13
数码产品,13
消费者,13
帮助,13
专业,13
全面,13
学习,13
3.0,13
助手,13
打破,13
满足,13
运动,13
车辆,13
天津,13
梵高,13
强,12
影响,12
的确,12
落地,12
启动,12
触动,12
相关,12
今年,12
举办,12
两个,12
之间,12
利用,12
迎来,12
一定,12
逻辑,12
个人,12
裸眼,12
提高,12
不再,12
具有,12
国内,12
充满,12
办公,12
追踪,12
产业,12
小鹏,12
电影,12
键盘,12
海洋,12
一天,12
必要,12
出行,12
语言,12
故事,12
方便,12
触控,12
惊喜,12
北京,12
一步,12
不能,12
项,12
不少,12
新品,12
一代,12
通讯,12
L7,12
手,11
最近,11
开,11
家,11
最大,11
基本,11
管理,11
车机,11
无论是,11
计划,11
交互技术,11
产生,11
是不是,11
风格,11
app,11
赋能,11
参与,11
希望,11
|,11
不断,11
项目,11
即将,11
亮相,11
amp,11
首次,11
多种,11
加持,11
连接,11
解决,11
肯定,11
直播,11
选,11
工具,11
操作系统,11
Mate,11
新增,11
解决方案,11
真正,11
基地,11
打卡,11
鸿蒙,11
旗舰,11
搜索,11
vivo,11
Windows,11
二合一,11
五一,11
手柄,10
惊艳,10
端,10
估计,10
印象,10
个性化,10
打开,10
vision,10
级,10
在于,10
事情,10
完美,10
XR,10
摄像头,10
双,10
配色,10
程度,10
交互性,10
越来越,10
测试,10
概念,10
关系,10
人类,10
9,10
生命,10
深度,10
包含,10
概念车,10
主动,10
iPad,10
构建,10
亮点,10
时尚,10
出来,10
三星,10
电脑,10
集,10
一体,10
学生,10
颜值,10
前沿,10
iQOO,10
大屏,10
50,10
分屏,10
做到,10
广州,10
新能源,10
人车,10
作品,10
推荐,10
大型,10
电视,10
副,10
吉利,10
新闻,10
优秀,10
剧本,10
原画,10
塞尔达,10
MateBook,10
看看,9
类,9
好玩,9
独立,9
走进,9
moto,9
营造,9
360,9
整个,9
混合,9
操控,9
理解,9
生产,9
带给,9
网络,9
动力,9
力量,9
显示屏,9
终端,9
方向盘,9
展出,9
相比,9
版,9
打印,9
文件,9
最新,9
驱动,9
G6,9
车载,9
或许,9
卫视,9
方向,9
历史,9
情况,9
相当,9
控屏,9
无缝,9
佩戴,9
持续,9
馆,9
认为,9
百度,9
桌面,9
研发,9
画面,9
领先,9
英国,9
小组,9
复杂,9
研究,9
形态,9
　,9
变革,9
一系列,9
电池,9
路,9
7,9
改变,9
交通安全,9
所有,9
文物,9
驾,9
客户,9
整体,9
出色,9
AIGC,9
论坛,9
大师,9
健身,9
设计师,9
心潮,9
X,9
模拟,8
技能,8
大运,8
一点,8
画作,8
本身,8
理想,8
数字化,8
高效,8
吸引,8
联合,8
音频,8
运用,8
欢迎,8
日常,8
几个,8
变化,8
预期,8
成长,8
得到,8
处理,8
听,8
位于,8
增强,8
震撼,8
无法,8
增加,8
共享,8
再次,8
腾势,8
极大,8
开幕,8
表现,8
尾翼,8
座椅,8
需,8
轻松,8
车身,8
意义,8
存在,8
20,8
代表,8
本次,8
走,8
导航,8
当然,8
互联,8
聚焦,8
一场,8
15,8
质感,8
之后,8
当前,8
介绍,8
每个,8
Pad,8
HarmonyOS,8
通话,8
17,8
朋友,8
成果,8
表示,8
环境,8
高级,8
尤其,8
引领,8
科普,8
图书馆,8
全员,8
旋转,8
理念,8
5G,8
电车,8
OS,8
杀,8
共,8
宣布,8
问界,8
传说,8
21,8
smart,8
乘坐,8
数智,8
讯,8
飞,8
最好,7
第一,7
里面,7
区,7
令人,7
唤醒,7
刷,7
眼动,7
突破,7
点击,7
成功,7
展厅,7
台,7
立式,7
配合,7
触摸,7
专注,7
有望,7
生成式,7
经济,7
思考,7
写,7
唯一,7
静态,7
微软,7
四川,7
景区,7
视听,7
实时,7
文本,7
担心,7
万,7
以后,7
开车,7
根本,7
N7,7
修复,7
近,7
金融,7
U,7
外,7
去年,7
事,7
店,7
不到,7
色彩,7
物理,7
具备,7
营业厅,7
零度,7
三大,7
科学,7
号,7
综合,7
面对,7
宝马,7
引入,7
建议,7
要求,7
大量,7
发挥,7
一台,7
比例,7
定制,7
图像,7
挑战,7
0,7
消息,7
举行,7
融入,7
认同,7
鼠标,7
达到,7
卡片,7
轮播,7
保存,7
厂商,7
只能,7
好像,7
兼顾,7
期间,7
定义,7
层面,7
件,7
评测,7
UI,7
星火,7
几乎,7
搭配,7
00,7
时刻,7
训练,7
一块,7
沟通,7
第一次,7
宝可梦,7
建设,7
同级,7
有人,7
评分,7
文创,7
电,7
上海图书馆,7
艺术展,7
自由,7
高新区,7
课程,7
制作,7
人性化,7
OTA,7
迭代,7
巡游,7
针对,7
地铁,7
算是,6
才能,6
宠物,6
不仅仅,6
降低,6
评价,6
真,6
超大,6
深刻,6
智己,6
距离,6
超过,6
老,6
按键,6
原因,6
自我,6
观影,6
影音,6
魅族,6
观众,6
眼球,6
电影节,6
投影仪,6
相机,6
明显,6
总结,6
手感,6
后面,6
板块,6
家庭,6
预计,6
三维,6
动态,6
灵动,6
岛,6
独特,6
WWDC,6
出现,6
发生,6
过于,6
游客,6
王国,6
人生,6
过去,6
汽场,6
全开,6
限制,6
像素,6
革命性,6
正在,6
科幻,6
测评,6
一次,6
目标,6
驾乘,6
精彩,6
想象,6
传输,6
百信,6
据悉,6
年轻,6
指南,6
一边,6
公开课,6
适合,6
实力,6
工业,6
角色,6
人文,6
之旅,6
高度,6
豪华,6
之外,6
图片,6
像是,6
很大,6
加上,6
实际,6
首发,6
经历,6
近期,6
界面设计,6
服贸会,6
战略,6
先进,6
眼前一亮,6
文心,6
机型,6
率先,6
堆叠,6
万能,6
预览,6
高性能,6
P,6
深圳,6
调节,6
体感,6
风,6
却,6
锁定,6
协作,6
亲自,6
分,6
终于,6
强大,6
传感器,6
上汽,6
价值,6
医院,6
难,6
重新,6
输入,6
线下,6
新一代,6
成本,6
体现,6
流程,6
毕竟,6
活,6
全方位,6
小学,6
2.0,6
穿越,6
快乐,6
虚实,6
音乐,6
站,6
西安,6
潮流,6
任务,6
19,6
动感,6
监测,6
X3,6
传感,6
实用,6
电信,6
面板,6
电动,6
图,6
开展,6
推广,6
转,6
E,6
配件,6
鲁,6
一共,6
光,5
新奇,5
有意思,5
真机,5
vr,5
属于,5
外观设计,5
布局,5
一键,5
海外,5
来自,5
14,5
外屏,5
清晰度,5
团队,5
成,5
文字,5
答案,5
圈,5
覆盖,5
聊,5
最佳,5
没想到,5
影院,5
影,5
扩展,5
更为,5
云,5
以来,5
愉悦,5
没什么,5
厉害,5
真是,5
一家,5
重力,5
很棒,5
支撑,5
加强,5
虚拟世界,5
动效,5
刚,5
剧情,5
良好,5
人民币,5
便利,5
几天,5
12,5
应急,5
表演,5
魅力,5
身体,5
24,5
实用性,5
关键,5
玩游戏,5
N,5
服,5
部分,5
影视,5
范围,5
门把手,5
一体化,5
派对,5
暑期,5
29,5
预约,5
现已,5
登陆,5
环保,5
多个,5
4.0,5
想要,5
更是,5
有着,5
过程,5
海峡,5
知识,5
博主,5
反馈,5
接近,5
成熟,5
车内,5
当下,5
效率,5
帮,5
性,5
多点,5
配备,5
Galaxy,5
手环,5
昨天,5
舒服,5
足够,5
入手,5
声音,5
经典,5
延伸,5
允许,5
售价,5
开放,5
掌握,5
地址,5
花,5
拍,5
全息,5
重点,5
实景,5
至少,5
换,5
家用,5
共同,5
App,5
切换,5
打断,5
一段,5
竞争,5
阶段,5
安卓,5
美观,5
iOS,5
长期,5
一站式,5
库克,5
参加,5
感慨,5
深业,5
升降,5
现有,5
透明,5
所有人,5
懂,5
_,5
总是,5
未知,5
注意,5
PDF,5
保持,5
三里屯,5
仅,5
大学,5
孩子,5
习惯,5
之泪,5
最后,5
Mac,5
保护,5
范式,5
积累,5
行动,5
电子,5
友好,5
想法,5
明年,5
辣,5
美元,5
穿戴,5
本质,5
兴奋,5
思路,5
首创,5
进化,5
拓宽,5
这件,5
一年,5
回复,5
全景,5
使,5
HUD,5
精准,5
S,5
巨头,5
OpenAI,5
机器,5
运营,5
快充,5
合作,5
联动,5
强调,5
跑步机,5
相信,5
ui,5
跑,5
美好,5
驾控,5
黑板,5
找,5
for,5
动作,5
香水,5
旅行,5
中关村,5
大运会,5
梦,5
NVIDIA,5
自然语言,5
量产,5
悬浮,5
直板,5
⭐,5
加入,5
聊天,5
钥匙,5
DragGAN,5
服装,5
Copilot,5
文档,5
业务,5
办税,5
认识,5
全国,5
秒,5
GPT,5
处,5
开机,5
专列,5
肖战,5
学院,5
酒,5
酒体,5
失去,4
分区,4
不像,4
宣传片,4
趋势,4
大大,4
涵盖,4
影像,4
25,4
razr,4
40,4
以往,4
基本上,4
回忆,4
情绪,4
全部,4
想起,4
脸,4
灯光,4
居家,4
享受,4
逼真,4
超感,4
景观,4
原本,4
逛,4
有个,4
冒险,4
我要,4
物体,4
调整,4
精确,4
黑,4
前所未有,4
新鲜,4
棒,4
触发,4
十年,4
变得,4
进步,4
通信,4
潜力,4
清晰,4
严重,4
事件,4
光影,4
游,4
box,4
差异,4
挖掘,4
氪,4
区别,4
信息技术,4
巨大,4
前提,4
经验,4
安全性,4
超长,4
下一代,4
NFT,4
集合,4
提前,4
异常,4
动画,4
此次,4
代表性,4
OpenHarmony,4
突出,4
无车,4
升降式,4
精选,4
LS7,4
奥迪,4
差不多,4
飞凡,4
Air,4
资料片,4
资料,4
畅快,4
回到,4
浏览,4
联网,4
多媒体,4
直观,4
日前,4
进阶,4
高速,4
个性,4
蛮,4
回家,4
看着,4
东南,4
王者,4
极,4
增长,4
BMW,4
公开,4
发售,4
完善,4
兼容,4
改,4
100,4
分钟,4
小伙伴,4
Fold4,4
预算,4
手表,4
早就,4
考虑,4
一张,4
更大,4
完成,4
有没有,4
划时代,4
手游,4
主打,4
丨,4
用来,4
应用程序,4
作者,4
颠覆性,4
试用,4
记者,4
称,4
新车,4
纯电,4
动力电池,4
手段,4
git,4
目的,4
级别,4
提醒,4
深,4
实验室,4
Quest,4
推理,4
🍎,4
适应,4
日至,4
体系,4
校园,4
主办,4
充分,4
更丝滑,4
智能手机,4
不够,4
众多,4
推送,4
拓展,4
垂直,4
指,4
头号,4
受邀,4
来到,4
上城,4
特性,4
差,4
做好,4
快速,4
审美,4
标准,4
堆料,4
占,4
讲,4
🌟,4
重大,4
场,4
演示,4
似乎,4
灵感,4
口语,4
做工,4
环,4
定位,4
紫,4
橙,4
时空,4
x,4
听觉,4
宽城区,4
拉,4
准备,4
当年,4
输出,4
解锁,4
Siri,4
一位,4
还会,4
昨晚,4
额外,4
水,4
致敬,4
竞争力,4
缩放,4
美术馆,4
散热,4
还要,4
玩意,4
长,4
规模,4
地图,4
烂,4
泰裤,4
3499,4
贵,4
累,4
欲望,4
便携,4
第一款,4
林志颖,4
双手,4
大小,4
打游戏,4
拉满,4
社交,4
广告,4
真实感,4
玻璃,4
香港,4
前瞻,4
远程,4
模态,4
转变,4
播放,4
内外,4
好看,4
卡,4
不想,4
IP,4
仪表,4
8155,4
中国移动,4
客服,4
hand,4
头盔,4
进一步,4
搜狐,4
电子科技,4
毕业,4
机制,4
专属,4
NPC,4
打磨,4
幸福,4
有效,4
课题,4
创维,4
试驾,4
零,4
展台,4
教学,4
追求,4
轨迹,4
我会,4
美的,4
雷鸟,4
处理器,4
南京,4
特色,4
高端,4
五座,4
社会,4
资源,4
创作,4
现代,4
航空,4
到来,4
文案,4
英文,4
轿,4
彰显,4
邀,4
多元,4
节,4
东馆,4
宝可梦卡牌,4
开馆,4
消防,4
算法,4
准确,4
13,4
深入,4
参观者,4
公众,4
多维,4
北京市,4
音乐剧,4
年轻人,4
路上,4
MateX3,4
轻薄,4
界,4
展开,4
悬停,4
纯粹,4
尺寸,4
白皮书,4
观感,4
第一个,4
同步,4
这车,4
拖动,4
下半屏,4
师,4
好奇心,4
两,4
用车,4
依托,4
座,4
优点,4
精灵,4
越级,4
郑州,4
品鉴,4
建立,4
B,4
油耗,4
第七届,4
诸葛,4
演绎,4
专家,4
继续,4
Redis,4
行,4
充电,4
夏季,4
涌现,4
女生,4
公议,4
局,4
旧址,4
语音输入,4
酷开,4
分别,4
腾讯,4
科大,4
瞭仓,4
主线,4
模块,4
电力企业,4
采集,4
端侧,4
PICO,4
峰会,4
槽,3
经营,3
以前,3
趣味,3
人物,3
交往,3
魔音,3
包,3
为啥,3
各大,3
少,3
听说,3
霸气,3
十足,3
四,3
一眼,3
余光,3
直觉,3
A,3
盲区,3
车主,3
国家,3
千年,3
解读,3
Ultra,3
新世界,3
加,3
多任务,3
变成,3
从来,3
刷新,3
书,3
样子,3
TV,3
家电,3
互联互通,3
T,3
精细,3
方案,3
展品,3
宣传,3
普陀区,3
戏剧,3
带上,3
触摸屏,3
4K,3
人体,3
满满的,3
缺点,3
2.5,3
事物,3
兴趣,3
▫,3
天文馆,3
天花板,3
番茄,3
页面,3
真不错,3
接触,3
眼,3
标配,3
遇见,3
工作室,3
巧思,3
不得不,3
合适,3
办法,3
别人,3
畅游,3
带领,3
快捷,3
暂时,3
温度,3
片段,3
播客,3
实在,3
特殊,3
非遗,3
迎,3
eth,3
充沛,3
找到,3
颠覆,3
改善,3
吃,3
一条,3
高科技,3
爆发,3
apple,3
边际,3
画布,3
2300,3
到底,3
里程,3
520,3
纯,3
心动,3
分数,3
公告,3
偶现,3
丢失,3
部,3
影片,3
浪潮,3
保留,3
半,3
慢慢,3
意思,3
曾经,3
表达,3
结束,3
activesphere,3
造型,3
偶遇,3
300,3
不高,3
话题,3
📍,3
放,3
小视频,3
经常,3
这回,3
Final,3
Cut,3
会议,3
物,3
苹果公司,3
难题,3
懒人,3
共有,3
OS4.0,3
担任,3
实物,3
感叹,3
是否,3
跨越,3
门槛,3
Dee,3
世代,3
美国,3
远超,3
本届,3
文博会,3
气息,3
同事,3
一套,3
发出,3
同一个,3
协同,3
购买,3
探险者,3
米,3
组合,3
十分,3
软,3
机,3
下来,3
家中,3
尝试,3
体验式,3
感兴趣,3
耳机,3
晚上,3
后者,3
顺手,3
同一,3
送,3
无需,3
更进一步,3
各家,3
以下,3
逼,3
今天下午,3
看见,3
多人,3
回合制,3
战斗,3
陪伴,3
特点,3
作品集,3
放松,3
促进,3
热,3
追,3
感到,3
位置,3
拍摄,3
沃尔沃,3
EX30,3
材料,3
注重,3
国际化,3
多元化,3
汇展,3
可视化,3
🥳,3
漂亮,3
大自然,3
居然,3
科技馆,3
NFC,3
知名,3
厂家,3
虚拟人,3
Meta,3
剧院,3
演员,3
讨论,3
意味着,3
确保,3
内部,3
最终,3
全都,3
中控,3
炫酷,3
短,3
旨在,3
快人,3
入局,3
营销,3
低于,3
玩法,3
表情,3
实体,3
摄影,3
巧智绘,3
致力于,3
提出,3
携手,3
高品质,3
遇到,3
仰望,3
越野,3
软硬件,3
并非,3
陆川,3
那种,3
先,3
使用者,3
不行,3
第一代,3
笑,3
开心,3
接入,3
卧槽,3
倍,3
之美,3
无尽,3
2022,3
22,3
地区,3
水准,3
填充,3
能量,3
上班,3
态度,3
七年,3
携带,3
塑造,3
显得,3
完成度,3
随身,3
重磅,3
互动式,3
不要,3
三体,3
触碰,3
高保真,3
机械,3
文明,3
长春市,3
六一,3
儿童节,3
背后,3
单机游戏,3
i,3
重,3
能否,3
macOS,3
连续,3
如同,3
钢铁,3
编辑,3
传媒,3
定,3
推,3
挺不错,3
贡献,3
费,3
上咪咕,3
不见,3
不减,3
集结,3
周六,3
咪咕,3
相对,3
通用汽车,3
架构,3
集成,3
搞,3
手动,3
革命,3
商业,3
面向,3
人群,3
缺乏,3
实际上,3
亚华,3
销售,3
显著,3
时隔,3
出发,3
即刻,3
等于,3
显示器,3
实机,3
释放,3
极速,3
搭,3
热爱,3
间,3
光机,3
看起来,3
交流,3
值,3
入,3
夸张,3
现阶段,3
广州市,3
局限,3
决定,3
骁龙,3
车里,3
完整,3
两不误,3
隐藏,3
仍然,3
东京,3
只会,3
触屏,3
捕捉,3
身边,3
加速度,3
同样,3
市面上,3
几年,3
各项,3
多年,3
创建,3
大众,3
线上,3
近年来,3
近距离,3
16.2,3
最快,3
问,3
网红,3
大脑,3
人工,3
设定,3
演出,3
不足,3
好好,3
后期,3
英,3
ACE,3
音质,3
野炊,3
突然,3
接受,3
皆,3
二维码,3
搭建,3
交付,3
车展,3
全能,3
Pocket,3
打动,3
左右,3
人格,3
收获,3
力潮,3
科幻世界,3
首钢,3
见,3
大概,3
老师,3
高通,3
特定,3
精神,3
蛋仔,3
蛋,3
摩托,3
骑士,3
内置,3
打印机,3
一段时间,3
嘉宾,3
永远,3
转型,3
动,3
方便快捷,3
如今,3
国泰,3
梦想,3
车评,3
武汉,3
多样性,3
犒劳,3
黄埔,3
评论,3
市民,3
无限,3
老人,3
足不出户,3
街道,3
今晚,3
心,3
三屏,3
实验,3
最高,3
台湖,3
爵士,3
入口,3
戳,3
引起,3
新展,3
共创,3
位,3
插画,3
方法,3
计算机,3
转换,3
省级,3
易用,3
网上,3
传递,3
出去,3
快捷键,3
启发,3
执行,3
说话,3
27,3
减少,3
背,3
播报,3
火炬,3
伙伴,3
国产,3
Apollo,3
音箱,3
嗅觉,3
全网,3
巡演,3
群众,3
线,3
接口,3
尽享,3
万辆,3
AITO,3
M5,3
智驾,3
窗口,3
引导,3
MagicOS,3
90,3
原子,3
范畴,3
公布,3
通知,3
Flyme10,3
均衡,3
分辨率,3
扮演,3
通关,3
前作,3
任天堂,3
狠狠,3
迅速,3
真人,3
跳,3
iPhone15Ultra,3
滚轮,3
专门,3
数据库,3
菜单,3
电池容量,3
机系统,3
自定义,3
中文,3
上半,3
精致,3
燃油,3
九号,3
代入,3
点子,3
阿那,3
亚,3
主,3
令,3
智联,3
蓝牙,3
金属,3
机身,3
智舱,3
预警,3
吋,3
税费,3
人员,3
晕,3
前卫,3
多模,3
越,3
6K,3
打击,3
别克,3
激发,3
艺术家,3
小度,3
放心,3
东城,3
各类,3
互动性,3
●,3
MINI,3
快控,3
放在,3
智,3
优酷,3
Design,3
不凡,3
1.2,3
悦己,3
长安汽车,3
星球,3
WATCH,3
第二次,3
第三届,3
Chat,3
期,3
行车,3
Perplexity,3
亚马逊,3
运行,3
爱情,3
维度,3
参考,3
亲子,3
区域,3
MatePad,3
引擎,3
大展,3
大同,3
职场,3
向往,3
物种,3
如梦之梦,3
镇,3
想到,3
用于,3
画质,3
财富,3
畅享,3
法官,3
Dial,3
2020,3
电动车,3
113,3
辆,3
单车,3
能源,3
防盗,3
着力,3
⭕,3
领英,3
GZZ,3
工人,3
寒鸦,3
假期,3
安心,3
珠宝,3
邯郸,3
古城,3
Wayfair,3
种族,3
公园,3
歌尔,3
IM,3
添加,3
大运河,3
海绵,3
星穹,3
铁道,3
海滩,3
茉莉,3
妥协,2
半成品,2
无比,2
赛道,2
Eyesight,2
一把,2
难得,2
容易,2
道具,2
第三,2
音乐节,2
合理,2
乐迷,2
心理,2
办,2
千万别,2
乐队,2
别提,2
做出,2
M8,2
宗师,2
前脸,2
即时,2
Ai,2
行走,2
华文,2
市,2
密码,2
格局,2
→,2
摩登,2
主义,2
LH,2
爱好者,2
近视,2
不好,2
WatchOS,2
史诗,2
Watch,2
彻底改变,2
控制中心,2
麻烦,2
figma,2
竟然,2
重视,2
工作日,2
舍不得,2
契机,2
恰好,2
那一刻,2
所谓,2
攻略,2
TCL,2
权限,2
吹,2
每周,2
Flyme,2
六子,2
展会,2
大门,2
身临其境,2
第三方,2
一个多,2
LU,2
YANG,2
很多很多,2
形容,2
哭,2
疯狂,2
首尔,2
属实,2
遥遥领先,2
WWDC2023,2
瞬间,2
麻,2
将近,2
尝鲜,2
心态,2
餐饮,2
鱼,2
太行,2
P7,2
地球,2
冰激凌,2
创,2
改进,2
每天,2
首页,2
好多,2
感应,2
来回,2
振动,2
录,2
组件,2
电竞,2
催化,2
受到,2
丝滑,2
情景,2
填,2
叙事,2
坑,2
荒芜,2
我来,2
也许,2
茶乡,2
到位,2
崩,2
海塘,2
广场,2
石,2
流动,2
时光,2
慢,2
同行,2
话,2
阿木尔,2
作业,2
来源,2
中华,2
彩灯,2
植入,2
美食,2
诠释,2
自贡,2
天府,2
旅游,2
南海,2
特展,2
域名,2
申请,2
抢先,2
努力,2
尽可能,2
带到,2
障碍,2
币,2
短暂,2
化为,2
现,2
改革,2
3C,2
各路,2
仪表盘,2
戴上,2
底盘,2
很卷,2
能耗,2
电动汽车,2
适用,2
主导,2
停机,2
英雄,2
被动,2
伤害,2
衔接,2
影节,2
极限运动,2
熊猫,2
大战,2
展在,2
年来,2
数次,2
3.2,2
Release,2
POS,2
兼容性,2
标志,2
这台,2
工程车,2
无界,2
超清大屏,2
贴心,2
细腻,2
新颖,2
联名,2
答应,2
动物,2
魔方,2
半小时,2
够,2
性价比,2
篇,2
古剑,2
奇谭,2
网络版,2
系统优化,2
咯,2
资格,2
逛展,2
世博,2
展览馆,2
星辰,2
算,2
晚,2
急,2
剪映,2
无线,2
提取,2
实,2
革新,2
破解,2
烦恼,2
卓越,2
预售,2
多项,2
管家,2
盲操,2
开门,2
科考船,2
首档,2
节目,2
带鱼,2
这套,2
真实世界,2
有所不同,2
平面,2
渠道,2
展览会,2
CES,2
接,2
门票,2
各地,2
要素,2
留存,2
沉淀,2
凝聚,2
弱,2
见证,2
宽敞,2
外形,2
长度,2
2.3,2
材质,2
最为,2
主力,2
无须,2
焦虑,2
打电话,2
重度,2
约,2
幼儿园,2
小班,2
大树,2
摇一摇,2
优质,2
三件套,2
笔记本电脑,2
认真,2
参数,2
寸,2
条件,2
必须,2
就行,2
投屏,2
隔,2
空投,2
当时,2
诞生,2
差距,2
45,2
岁,2
小泽,2
星,2
安排,2
陪,2
多样,2
鲜活,2
dream,2
!,2
手指,2
积极,2
Time,2
操纵,2
两天,2
深深,2
主流,2
固定,2
甚,2
镜片,2
描述,2
储物,2
巧妙,2
2024,2
github,2
魔药,2
炸,2
一席,2
天天,2
民生银行,2
太太,2
扫描,2
半天,2
不了,2
视讯,2
启迪,2
福尔摩斯,2
悬而未决,2
议会,2
案,2
让玩家,2
黑色,2
几代,2
拿捏,2
住,2
这块,2
屏里,2
趣味性,2
完后,2
攒,2
护眼,2
不算,2
亮度,2
搞笑,2
UX,2
规格,2
剧透,2
贸易,2
交易会,2
驻华使节,2
交流会,2
规则,2
行为,2
家族,2
交互作用,2
超越,2
当成,2
原厂,2
磁吸,2
键鼠,2
匹配,2
外挂,2
VisionPro,2
更强,2
空气,2
随时,2
点亮,2
即可,2
数值,2
中国计算机学会,2
指导,2
初体验,2
展现,2
海报,2
导演,2
随意,2
看出,2
寻找,2
接下来,2
ios,2
不出,2
投入,2
软体,2
遗憾,2
壁纸,2
待机,2
贴纸,2
有所,2
刚刚,2
数智化,2
幼教,2
莅临,2
号馆,2
・,2
比亚迪,2
详解,2
U8,2
辇,2
系统化,2
考量,2
详情,2
兑现,2
相互,2
CEO,2
家里,2
电影院,2
第一批,2
几点,2
封闭式,2
进气,2
格栅,2
还配,2
体积,2
干净,2
说完,2
下单,2
头戴式,2
迄今,2
国美,2
盲人,2
第二代,2
坏,2
经理,2
说实话,2
激进,2
造成,2
大屏幕,2
考验,2
处于,2
满,2
之中,2
罗曼,2
风险,2
HOLOVIS,2
文旅,2
游乐,2
二维,2
队员,2
iPadOS,2
预览版,2
表格,2
备忘录,2
现可,2
FaceTime,2
留下,2
留言,2
赚,2
就行了,2
或者说,2
观点,2
一是,2
二是,2
,2
按钮,2
宇晨,2
工口,2
Re,2
画风,2
世界观,2
steam,2
少女,2
海量,2
陪练,2
消失,2
冷静下来,2
早,2
单纯,2
本体,2
取消,2
不太,2
灰,2
整车,2
配有,2
JIDU,2
一楼,2
虚拟空间,2
触感,2
借鉴,2
大手,2
小手,2
任我游,2
来临,2
之际,2
宣传部,2
区内,2
讨厌,2
未,2
体验版,2
水平,2
质疑,2
秋季,2
半年,2
大幅,2
神奇,2
M,2
C#,2
实拍,2
欣赏,2
插,2
供电,2
贾,2
维斯,2
简化,2
隐私,2
酷,2
XX,2
试听,2
此前,2
标的,2
一类,2
铲子,2
青春,2
拼搏,2
姿态,2
阵容,2
激光雷达,2
亦,2
开创性,2
太难,2
生产力,2
VCS,2
VIP,2
痛苦,2
这门,2
iOS17,2
挤牙膏,2
截图,2
尴尬,2
忍不住,2
体重,2
生气,2
没多大,2
黏性,2
是因为,2
出手,2
这才,2
周,2
延续,2
既有,2
缺少,2
普及,2
音视频,2
电力线,2
载波,2
医生,2
护士,2
患者,2
少年,2
1499,2
重量,2
HeySiri,2
这方面,2
个人感觉,2
起码,2
打算,2
高清,2
总体,2
肢体,2
属性,2
刚需,2
头部,2
产品设计,2
三,2
感拉满,2
自豪,2
工程,2
昂贵,2
比起,2
虚拟环境,2
这项,2
代码,2
户外,2
休闲,2
颗,2
大胆,2
据说,2
回顾,2
类型,2
发,2
一半,2
夸,2
黄埔区,2
公安,2
保障,2
构成,2
8295,2
车规,2
极简,2
转化,2
单眼,2
4k,2
多重,2
旋钮,2
牛,2
顶尖,2
....,2
姿势,2
猜,2
出圈,2
诶,2
大部分,2
人机,2
由此,2
预见,2
清楚,2
受,2
PS,2
题材,2
海客,2
见闻,2
粉丝,2
网,2
镜头,2
打通,2
却是,2
开端,2
没得说,2
算力,2
意料,2
之内,2
依旧,2
没法,2
修图,2
前方,2
出门,2
炸裂,2
雷达,2
上面,2
lk,2
vc,2
八千里,2
可靠,2
一辆,2
北京路,2
复原,2
该馆,2
观察,2
10.25,2
13.2,2
25.6,2
Alvis,2
FENDI,2
in,2
quot,2
工艺,2
传承,2
绿色,2
Reality,2
明星,2
实测,2
院士,2
太多,2
过来,2
用到,2
挺好玩,2
毕业设计,2
混,2
花园,2
1999,2
养成,2
肝,2
理性,2
货币,2
伟达,2
网易,2
毫不,2
双重,2
王泪,2
太差,2
梦中,2
片海,2
节奏,2
线条,2
推进,2
透露,2
获悉,2
钱,2
生日,2
绝,2
诸如此类,2
未必,2
维护,2
美术,2
临时,2
就要,2
走马观花,2
云南省,2
蝴蝶泉,2
对元,2
1497,2
出口,2
672,2
支线,2
*,2
这么久,2
卡钳,2
张江,2
变道,2
到处,2
术语,2
配音,2
金,2
周末,2
出品,2
新区,2
美,2
文章,2
活力,2
丰沛,2
心思,2
遵循,2
前段时间,2
AWE,2
波司登,2
性质,2
互相,2
难求,2
万象,2
二,2
联想,2
天猫,2
自拍,2
焦点,2
台上,2
早已,2
看重,2
补能,2
三电,2
交融,2
金融服务,2
新兴,2
科技化,2
妙趣横生,2
作,2
歧视,2
默认,2
广汽,2
启用,2
v,2
聊车,2
放置,2
有效率,2
现代化,2
618,2
心仪,2
P60,2
卡牌,2
策略性,2
跑腿,2
过度,2
宣讲,2
一身,2
广播,2
电视台,2
流量,2
代步,2
同质化,2
标签,2
高颜值,2
太好了,2
境阅,2
碰撞,2
送到,2
这群,2
大好河山,2
东方,2
专区,2
居民,2
多面,2
电混,2
混秀到,2
神盾,2
8848,2
四大,2
展现出,2
相结合,2
首,2
更省,2
爵士音乐,2
电台,2
喜爱,2
口碑,2
凭借着,2
宝,2
可梦卡牌,2
内地,2
融汇,2
艺术风格,2
式展,2
陈,2
共计,2
以上,2
优秀作品,2
Zero,2
G,2
Cutlery,2
太空,2
不卡,2
驾驶员,2
国内外,2
进,2
飞天,2
般的,2
较大,2
重构,2
FCP,2
双屏,2
一面,2
获取,2
器,2
精品,2
射击,2
°,2
安全带,2
爱上,2
星云,2
形成,2
粘性,2
已成,2
澎湃,2
深耕,2
 ,2
政务,2
内测,2
上周,2
提炼,2
答,2
无聊,2
易车,2
摸鱼,2
智能家居,2
CHANEL,2
rdr2,2
量,2
追星,2
线性,2
日记,2
满满,2
融,2
布展,2
全程,2
苏坡,2
清源,2
进社区,2
演,2
不止,2
品味,2
回放,2
Avatar,2
舒心,2
typec,2
难道,2
用过,2
越做越,2
小屏,2
变,2
保证,2
一致性,2
推动,2
丢,2
做题,2
复盘,2
实践,2
有多绝,2
潜望,2
长焦,2
探访,2
下线,2
势力,2
纪录,2
笔记,2
4.5,2
L,2
马上,2
东,2
改写,2
生命力,2
任务栏,2
提速,2
科学技术,2
集大成者,2
必然趋势,2
三维空间,2
光头,2
多余,2
充分发挥,2
打过,2
简直,2
玩过,2
极佳,2
回来,2
这场,2
法国,2
28,2
56,2
华泰,2
证券,2
中之人,2
稳定性,2
只用,2
通勤,2
下集,2
流线,2
赛车,2
浓浓的,2
无极,2
绘画,2
为主,2
整场,2
走向,2
将会,2
iPhone15,2
全系,2
2K,2
$,2
上涨,2
这家,2
卡尺,2
不必,2
提高效率,2
精度,2
官网,2
26,2
报道,2
BT,2
功耗,2
回答,2
UCCA,2
Lab,2
再现,2
治愈,2
阿甲,2
MYUI5.0,2
470,2
Switch,2
本作,2
便,2
练,2
下载,2
交互进行,2
有氧,2
厂,2
看来,2
联机,2
效,2
修改,2
触摸板,2
屏看,2
GT4,2
发动机,2
电机,2
整合,2
消品,2
十大,2
b,2
真想,2
失望,2
几张,2
❗,2
上海市,2
数字模型,2
友谊,2
任何人,2
为期,2
Pad2,2
强劲,2
底部,2
商品,2
框架,2
强烈,2
高兴,2
顺便,2
主播,2
高木,2
直子,2
漂,2
时期,2
马兰,2
欧尼,2
可能性,2
元素,2
遨游,2
小时候,2
qq,2
80,2
两驱,2
至今,2
OPPO,2
无感,2
应对,2
边框,2
匠心,2
🌍,2
星际,2
ROBBi,2
指引,2
06,2
仅限,2
DJ,2
做事,2
职业,2
门,2
控大屏,2
回应,2
厅,2
邀请,2
民警,2
从小,2
Flip,2
好用,2
拯救,2
君,2
小心,2
车坛,2
尊贵,2
跨界,2
别克君,2
弧面,2
非凡,2
新君,2
越代,2
差级,2
享,2
郑东新,2
明理,2
郑东腾势,2
隆重举行,2
献上,2
盛宴,2
反应,2
二手交易,2
社区化,2
深厚,2
传导,2
气,2
48,2
京东,2
省心,2
价,2
反映,2
华表奖,2
路况,2
集团,2
玩转,2
观展,2
随手,2
平均,2
台车,2
层,2
温暖,2
业界,2
S2,2
重塑,2
符合,2
极具,2
学,2
很难,2
布景,2
LED,2
技巧,2
资讯,2
会展,2
科技展,2
能动,2
智能网,2
联车,2
脑机,2
平行,2
成立,2
跨,2
简洁,2
顶级,2
特斯,2
余项,2
核心技术,2
正,2
网友,2
笔者,2
卷,2
歌曲,2
全量,2
分批,2
AVATR,2
当代,2
博览会,2
世纪,2
领导,2
方,2
未能,2
实施,2
奇特,2
三个,2
辨识,2
LLM,2
Document,2
LlamaIndex,2
向量,2
存储,2
收到,2
有手,2
大象,2
转身,2
华人,2
一作,2
爆火,2
谷歌,2
势能,2
收集,2
旷野,2
之息,2
素材,2
推介,2
众,2
可爱,2
哈弗枭,2
龙,2
口,2
隔音,2
超凡,2
新篇,2
闹钟,2
矩阵,2
无私,2
亲近,2
新形态,2
UP,2
段时间,2
热度,2
就算,2
更具,2
记忆,2
一生,2
天下,2
万物,2
史上,2
最贵,2
以多,2
震动,2
美妙,2
聊聊,2
体会,2
每次,2
当地,2
边上,2
65,2
75,2
入驻,2
手稿,2
超级终端,2
高能,2
微绒,2
底座,2
粉,2
千元,2
P9,2
华中地区,2
拍照,2
李彦宏,2
活跃,2
干活儿,2
号线,2
蓝色,2
车厢,2
平时,2
三种,2
草,2
锐际,2
超高,2
国宝,2
可潮,2
奇幻,2
字体,2
xz,2
动人,2
家门口,2
全民,2
围绕,2
由宝,2
可梦,2
开卷,2
主题性,2
道馆,2
延展,2
读者,2
Go,2
酒馆,2
深层次,2
世优,2
流行,2
已然,2
恬子,2
ta,2
16G,2
品类,2
不可,2
冒险岛,2
答疑,2
滑,2
七大,2
总经理,2
注入,2
大连,2
展区,2
时节,2
阳光,2
阿根廷,2
牛肉,2
钟表,2
副本,2
闪,2
flyme10,2
中科院,2
OriginOS,2
变形,2
Web3D,2
图形,2
一写,2
感情,2
静音,2
六大,2
排名,2
依次,2
抄,2
廖,2
东风,2
银翼,2
结构,2
红岩,2
法庭,2
进校园,2
中学,2
同学,2
专利,2
建造,2
阿巴,2
驾趣,2
前大灯,2
中央,2
东航,2
h,2
充,2
参赛,2
三等奖,2
四川省,2
评审,2
环节,2
ID.7,2
VIZZION,2
ID,2
四川长虹,2
8K,2
年鲁,2
iGame,2
Center,2
深处,2
揭秘,2
简,2
航海家,2
停止,2
数量,2
皇家,2
景象,2
｜,2
糕点,2
物件,2
穿越时空,2
还原,2
原神,2
照进,2
淘云,2
阿尔法,2
逃离,2
人海,2
大黑,2
产业带,2
玉石,2
商家,2
家具,2
电商,2
房间,2
界限,2
主体,2
河北区,2
名人,2
故居,2
再创新高,2
体育,2
Link,2
涉及,2
IMOS,2
AD,2
Alexa,2
维智,2
复仇者,2
联盟,2
漫威,2
茯茶,2
永安,2
渠,2
崩坏,2
星铁,2
米哈,2
游记,2
盒,2
乌鲁木齐,2
重庆,2
四座,2
智胜,2
每周三,2
JRPG,2
rpg,2
空间站,2
不苟言笑,2
小孩,2
勾勾,2
非暴力,2
厦航,2
创想,2
之夜,2
合一,2
•,2
艰难,1
光是,1
摒弃,1
自由式,1
多久,1
熬个,1
前面,1
多次,1
涨得,1
耗时间,1
玩偶,1
Festival,1
主办方,1
vip,1
送礼,1
酒水,1
点数,1
划个,1
12m,1
几十人,1
划船,1
骑马,1
损害,1
新头显,1
爆炸,1
up,1
主讲,1
很赞,1
low,1
七八年,1
对接,1
埋,1
大棋,1
来头,1
传祺,1
醒狮,1
音区,1
舱,1
第一性,1
原理,1
全功能,1
柱,1
侧后,1
后视,1
代驾,1
键贴,1
墙边,1
公分,1
预研,1
一路,1
爆,1
ota,1
当晚,1
十二月,1
回望,1
商脉,1
繁盛,1
展望,1
双循环,1
详情请,1
psvr2,1
块,1
如人,1
配眼镜,1
能算,1
亮色,1
两次,1
按表冠,1
稍微,1
后台,1
没管,1
错误,1
页,1
干,1
正经事,1
改造,1
一只,1
噘嘴,1
小盒子,1
彼时,1
彼刻,1
苏醒,1
记起,1
不由,1
在读,1
一本,1
人心,1
🧐,1
IoT,1
给出,1
出入,1
门禁,1
👍,1
免,1
遥控,1
声控,1
开关机,1
变频空调,1
洁净,1
出风,1
防直,1
宜居,1
入户,1
建模,1
苏州,1
旅游局,1
试验场,1
小编,1
想想也是,1
自证,1
证明,1
relationship,1
傻,1
顺道来,1
MMCA,1
电子游戏,1
转瞬即逝,1
庞大,1
纵横,1
乱,1
培训,1
富士通,1
报纸,1
测量,1
形状,1
焦距,1
选取,1
赢麻,1
不可否认,1
NB,1
感是,1
引爆,1
赢,1
W,1
高昂,1
心老,1
完蛋,1
😅,1
会想,1
散光,1
vrarmr,1
反感,1
orz,1
洪,1
崖洞,1
对面,1
zksync,1
P1,1
P3,1
贵且,1
P4,1
P6,1
名为,1
楼兰,1
新疆,1
菜,1
青椒,1
好吃,1
😑,1
月球,1
🍦,1
展馆,1
我愿,1
称之为,1
和文,1
有待,1
👋,1
winkwink,1
lemo,1
fm,1
偏,1
扁平,1
拟物风,1
很绝,1
动都会,1
日历,1
Al,1
最先,1
版号,1
常态,1
供给,1
基本面,1
下半年,1
亚运会,1
戴维斯,1
双击,1
普遍,1
易于,1
实惠,1
各行各业,1
引,1
Life,1
Size,1
key,1
things,1
Far,1
better,1
巨大成功,1
blacklead,1
studio,1
控件,1
不感兴趣,1
之坑,1
童话故事,1
学着,1
石化,1
雕像,1
岛上,1
石头山,1
岛屿,1
丰容,1
试试,1
浙,1
农行,1
风韵,1
支付,1
当天,1
全线,1
BUG,1
不爽,1
发热,1
融创,1
杭州湾,1
文旅城,1
淬炼,1
时石,1
景观设计,1
手法,1
长时间,1
调性,1
浓缩,1
萃取,1
人性,1
尺度,1
自然物,1
瞬,1
昨天下午,1
hololens,1
反,1
FB,1
玩意儿,1
衬托,1
内蒙古,1
包头市,1
管理局,1
新景,1
自贡市,1
东部,1
新城,1
舞蹈,1
崭新,1
身姿,1
耳目一新,1
夜游,1
清凉,1
安逸,1
day4,1
博鳌,1
生动,1
沉船,1
强烈推荐,1
月份,1
拼,1
手速,1
ENS,1
web2,1
DNS,1
协议,1
用作,1
网址,1
www,1
my,1
精力,1
首位,1
事业,1
之余,1
兴趣爱好,1
广度,1
全天,1
lp,1
为您服务,1
叮,1
金哟,1
橙光,1
小游戏,1
图文,1
2d,1
纬度,1
无可,1
普通用户,1
rndr,1
sand,1
mana,1
带飞,1
太过,1
勉强,1
ugc,1
共建,1
Vison,1
PRO,1
概率,1
有利,1
野人,1
生肉,1
问到,1
烤肉,1
味道,1
恨不得,1
剁,1
胳膊,1
尝尝,1
LV,1
十几万,1
眨,1
市场需求,1
旺盛,1
几十年,1
轮回,1
诸侯,1
高分辨率,1
张朝阳,1
说腾势,1
一卷,1
ICCT,1
排放,1
公里,1
超强,1
盘点,1
JPEG,1
PFP,1
崛起,1
实现目标,1
代币,1
迷你游戏,1
脱离,1
老夫子,1
大招,1
苏烈,1
结算,1
攻击,1
赵怀真,1
气旋,1
李白,1
阵亡,1
李信,1
统御,1
普攻,1
施法,1
福建,1
联迪商,1
AxPOS,1
A8S,1
该款,1
流畅性,1
数据安全,1
向前,1
迈进,1
实装,1
大改,1
辐,1
共情,1
灵宠,1
爱车,1
讲坛,1
鼓掌,1
DLP,1
ISC,1
车灯,1
每一分,1
尽数,1
高考,1
跨界车,1
Sportback,1
越野车,1
呈现出,1
Audi,1
完病,1
Waof,1
Paw,1
萌宠,1
两大,1
一小,1
团购,1
溜达,1
还好,1
招商,1
COZY,1
DAY,1
巴赫,1
明日,1
Flex,1
主动式,1
工程学,1
一手,1
奖励,1
多多,1
叭,1
前往,1
内含,1
凿空,1
浑沦,1
共烛,1
天明,1
即得,1
666,1
通宝,1
代金券,1
FotileStyle,1
十周年,1
餐厨,1
烹洗,1
储全,1
厨电,1
玥,1
影灰,1
橱柜,1
相融,1
Hall3,1
3D59,1
发达,1
繁如,1
高分,1
试着,1
退回,1
和解,1
精神饱满,1
此身,1
此心悦然,1
重心,1
感上,1
来风,1
三杯,1
两盏,1
钱塘,1
繁华,1
重湖,1
叠,1
巘,1
贪心,1
仍,1
局促,1
挺好用,1
上用,1
整点,1
剪辑,1
武莹,1
Yoki,1
厚厚的,1
无纸化,1
信息安全,1
与会者,1
概述,1
控制器,1
福利,1
领取,1
品质,1
Xsmart,1
精美,1
通通,1
进击,1
工厂,1
探秘,1
居住,1
进门,1
小艺,1
问候,1
各大博主,1
取代,1
现实生活,1
常见,1
打字,1
另一只,1
手推,1
盯,1
考察船,1
有何,1
重要性,1
船员,1
闽南,1
渔谚,1
-----,1
赛季,1
李元芳,1
钟无艳,1
海,1
细,1
胡言乱语,1
🙋,1
💎,1
✅,1
郑清元,1
第二十届,1
2025,1
面世,1
曾,1
拉斯维加斯,1
车外,1
橘中,1
吉祥物,1
小水滴,1
横空出世,1
二创,1
限量,1
神仙,1
优先,1
能快,1
小弟,1
改太多,1
本来,1
组长,1
全套,1
便宜,1
每家,1
灵活,1
畅,1
游五洋,1
四海,1
已来,1
经略,1
力量感,1
宽度,1
10AT,1
迅猛,1
大面积,1
皮革,1
搪塑,1
关心,1
着重,1
叶涵,1
微信,1
偶然,1
玩玩,1
反正,1
下班,1
剩余,1
16%,1
电量,1
🔥,1
❤,1
📝,1
🚩,1
故事情节,1
中摇,1
板栗树,1
乐趣,1
较完整,1
句子,1
充足,1
果子,1
五台山,1
徒步,1
钟文泽,1
最强,1
眩晕,1
身处,1
稀奇,1
换成,1
尽量,1
牌子,1
某一,1
品牌手机,1
三样,1
常用,1
传,1
整,1
同生,1
态,1
文件传输,1
例,1
系,1
传到,1
AirPods,1
听歌,1
配对,1
夸赞,1
有加,1
Session,1
做成,1
意念,1
Multi,1
Touch,1
差别,1
调查报告,1
40%,1
真牛,1
堪比,1
若干年,1
会上,1
新台阶,1
探险,1
奥拉,1
首支,1
曝光,1
PV,1
制作组,1
起床,1
上天,1
入海,1
人宠,1
Hi,1
亚比,1
LCC,1
反思,1
相框,1
👀,1
Amara,1
Malik,1
Manipulating,1
Stimulator,1
难点,1
乘员,1
远,1
近些年,1
业内人士,1
彭博社,1
古尔曼,1
只好,1
他于,1
撰文,1
满配,1
小型,1
第四款,1
Cross,1
Country,1
上半年,1
订购,1
202,1
全力,1
LearnGitBranching,1
教程,1
抱负,1
命令行,1
缺失,1
pcottle,1
io,1
learnGitBranching,1
九张,1
照片,1
三天,1
最疗,1
愈,1
hp,1
课上,1
好好笑,1
哈哈哈哈,1
woc,1
tagdesign,1
很差,1
哈哈哈,1
猫猫,1
感为,1
养,1
笼子,1
猫,1
回去,1
一当,1
当当,1
🔪,1
年前,1
身份证,1
难用,1
差劲,1
👎,1
进度,1
辣鸡辣,1
鸡辣鸡,1
十分钟,1
进去,1
产业化,1
京东方,1
000725,1
供货,1
天马,1
000050,1
人眼,1
佳创,1
300264,1
合作开发,1
300500,1
参股,1
子公司,1
单人,1
冒险游戏,1
外媒,1
该游戏,1
AppLab,1
商店,1
侦探,1
最初,1
ultra,1
锋雅黑,1
过前,1
总算,1
竖向,1
可玩性,1
香,1
r,1
ar,1
钢,1
镚,1
老花,1
商用,1
投影画,1
质,1
目,1
至关重要,1
反应速度,1
适应性,1
村庄,1
三套,1
规范,1
规约,1
历史感,1
血缘,1
对象,1
血亲,1
情谊,1
依归,1
日常事务,1
旨趣,1
真心,1
广,1
手写笔,1
映射,1
手机玩家,1
相当于,1
去掉,1
比如说,1
传输技术,1
敬请期待,1
果,1
wifi,1
墨迹,1
天气,1
室内环境,1
湿度,1
二氧化碳,1
PM,1
挥手,1
用手,1
隔空,1
滑动,1
传播,1
工委,1
言,1
征集,1
参赛者,1
奇思妙想,1
详见,1
CCF,1
出人意料,1
反而,1
太快,1
开发新,1
到头,1
出路,1
存量,1
瓶颈,1
最难,1
资金,1
拉高,1
打广告,1
卖,1
依靠,1
工业化,1
一环,1
远远,1
轻便,1
前置,1
停留,1
2017,1
将资,1
ios17,1
天文,1
全天候,1
猜想,1
勇于创新,1
一日,1
生活圈,1
华南,1
琶,1
洲,1
保利,1
世贸,1
博览,1
6C19,1
展位,1
园所,1
交换,1
MLGB,1
沈阳,1
雅致,1
永乐,1
汇,1
决策,1
优异,1
获利盘,1
蒂姆,1
伪,1
命题,1
科幻电影,1
立体感,1
沉,1
店去,1
车尾,1
风阻,1
大幅提高,1
仔细,1
一想,1
缺,1
革,1
果断,1
June,1
加州,1
库比,1
蒂诺,1
2014,1
眼视,1
重叠,1
iDaily,1
每日,1
视野,1
刚看,1
小红书,1
硕士,1
把玩,1
还给,1
天,1
太阳,1
激情,1
感染力,1
更想,1
熬夜,1
第一步,1
刻意,1
相反,1
务实,1
价格不菲,1
降临,1
满分,1
凌驾于,1
之上,1
广告设计,1
贼,1
连续性,1
认可,1
GAMP,1
评判,1
逻辑性,1
四个,1
飞机,1
先生,1
喇叭,1
功底,1
做得好,1
日有,1
领克,1
08,1
Auto,1
实车,1
晚安,1
常常,1
求,1
满足感,1
闲适,1
田野,1
林间,1
雨,1
雁群,1
南飞,1
青荇,1
绽放,1
美中,1
旷达,1
无常,1
大千世界,1
领悟,1
无用,1
给予,1
股份,1
拥有者,1
吹票,1
专有,1
独家,1
许可,1
使用权,1
夯实,1
先发,1
Holovis,1
一副,1
准,1
2.99,1
维,1
冲锋,1
凯洛,1
伦,1
BB8,1
标记,1
历来,1
多干,1
开除,1
个人风格,1
老板,1
部门,1
不熟,1
外企,1
福利待遇,1
两点,1
某博主,1
实际效果,1
好于,1
引进,1
敏感,1
cv,1
昙花一现,1
人手,1
对比,1
xxx,1
笨重,1
零件,1
🚽,1
理论,1
yyds,1
不远,1
撑起,1
在体,1
量变,1
不太高,1
galgame,1
亚人,1
唤起,1
语伴,1
翻译,1
一圈,1
白天,1
聊一聊,1
谈,1
取决于,1
One,1
More,1
Thing,1
visionOS,1
心脏,1
构造,1
手上,1
Pico,1
仿佛,1
老年,1
🐮,1
近视镜,1
片,1
嵌入,1
今天上午,1
星宇,1
星河,1
星辉,1
星晨白,1
颜色,1
星系,1
命名,1
很具,1
简约,1
优雅,1
✖,1
荣幸,1
姐妹,1
叹服,1
高阶,1
穿过,1
隧道,1
robo,1
可远观,1
摸得着,1
西湖,1
姜汉卿,1
折纸,1
触,1
长春,1
委,1
由衷,1
一句,1
中枢,1
基材,1
外加,1
铸就,1
之高,1
领,1
放弃,1
最爱,1
厌恶,1
天堂,1
归宿,1
发言,1
不亚于,1
社,1
BlackBerry,1
9000,1
活到,1
共同努力,1
后刚,1
拿到,1
iPhone14ProMax,1
Sonoma,1
桌面操作系统,1
一整套,1
置于,1
桌面上,1
轻轻,1
互通,1
ZEALER,1
WWD,1
图来,1
直,1
电源,1
下不受,1
困扰,1
Transformer,1
侠,1
里托尼,1
macos,1
sonoma,1
视频会议,1
Safari,1
浏览器,1
呼,1
华尔街日报,1
待久,1
meta,1
D,1
摘下,1
吸毒,1
观后,1
扯谈,1
初代,1
惊呼,1
得益于,1
三代,1
点云,1
计,1
真亦幻,1
无处不在,1
芭莎,1
WOODS,1
木木,1
一同,1
保守,1
室内,1
MacBook,1
套件,1
on,1
site,1
portable,1
挺长,1
spicy,1
高精度,1
真实度,1
3Dcam,1
vison,1
护城河,1
竞品,1
竟品,1
追上来,1
系统软件,1
更难,1
蓝海,1
理工,1
男们,1
剋,1
泛亚,1
联合开发,1
娱,1
稍,1
雏形,1
思路清晰,1
如果说,1
软件工程,1
软件设计,1
期末,1
刺客,1
惊为天人,1
realistic,1
avatar,1
eyesight,1
一个点,1
.........,1
iOS16,1
时钟,1
无关紧要,1
通话录音,1
自称,1
吹得,1
癌,1
犯,1
很久没,1
发微博,1
真让人,1
十年磨一剑,1
外显,1
内视,1
泰,1
接上,1
有时候,1
稀烂,1
角度,1
高德,1
程序,1
一鸣惊人,1
无敌,1
少数,1
人能,1
掌柜,1
创造力,1
单薄,1
提供商,1
主营业务,1
管理水平,1
重启,1
起航,1
团官,1
宣,1
William,1
威廉,1
陈伟霆,1
高瀚宇,1
KD,1
靳梦佳,1
李健,1
李斯,1
丹妮,1
判断,1
没差,1
倒,1
总价,1
25000,1
过头,1
显,1
无可避免,1
舒适度,1
捏合,1
眼部,1
外接,1
只不过,1
Magic5,1
傻傻的,1
喊,1
指令,1
眼罩,1
外出,1
背着,1
很想,1
堆,1
不让,1
野心,1
显然,1
旧,1
大于,1
功能性,1
一如既往,1
双眼,1
浮起,1
光标,1
昨天早上,1
商城,1
车集度,1
能共情,1
差异化,1
上手,1
这三,1
比拼,1
智友,1
代言人,1
中型,1
好车,1
略,1
消除,1
鸿沟,1
watchOS,1
恶性循环,1
定价,1
34,1
含量,1
股价,1
俘获,1
博主们,1
厚重,1
透视镜,1
不得,1
告诉,1
几次,1
处在,1
空,1
够呛,1
收发,1
邮件,1
轻量级,1
程序员,1
写个,1
要说,1
上街,1
戴,1
哪天能,1
侠里,1
枚,1
布满,1
靠近,1
会变,1
面对面,1
毫无,1
小倍,1
与众不同,1
收藏,1
坐等,1
问世,1
2016,1
明确,1
划归,1
套用,1
模板,1
载体,1
无二,1
看不下去,1
这有,1
一堆,1
潜水镜,1
高潮,1
没去,1
跟着,1
起哄,1
别信,1
疗效,1
图形界面,1
大大降低,1
计算中心,1
底层,1
十余,1
虹膜,1
跟共情,1
一大块,1
配上,1
遮挡,1
眼见,1
为实,1
VST,1
透视,1
屏感,1
组,1
音频系统,1
编织物,1
插入,1
Zeiss,1
光学,1
交叉,1
绝佳,1
跟踪,1
正常,1
一体机,1
外置,1
绑定,1
存疑,1
高房价,1
新加坡,1
无意,1
狭小,1
看好,1
我盲,1
抓,1
balabala,1
替代,1
呆板,1
瞳孔,1
趋于,1
极少,1
杀手,1
彻底,1
地域,1
随时随地,1
那台,1
凭空,1
Pico4,1
感到痛心,1
人多,1
人工干预,1
从文,1
9.4,1
万次,1
76,1
5520,1
帐号,1
五里,1
将军,1
出乎意料,1
两套,1
外部,1
迈出,1
小小的,1
激动人心,1
强项,1
准确率,1
上能,1
拉开,1
绕开,1
硬,1
起步,1
富哥,1
玩具,1
猛,1
睡不着,1
接电源,1
铝合金,1
钢化玻璃,1
AirPodsMax,1
薄,1
同类产品,1
科幻片,1
嗅到,1
今夜,1
登场,1
搬,1
读书,1
一网打尽,1
虚,1
太酷,1
大一,1
坨,1
场所,1
怪,1
太短,1
大号,1
XDR,1
音响,1
愿意,1
原谅,1
jpg,1
特地,1
windows,1
悬空,1
怀疑,1
积淀,1
正确,1
..,1
扎实,1
日本,1
无所谓,1
令人兴奋,1
就够,1
xyfool,1
不大可能,1
m1,1
刚出,1
账号,1
mba,1
食万,1
第二季,1
头,1
掉,1
多亏,1
伯远,1
及时,1
安利,1
视介,1
伯远食,1
徕,1
电子化,1
bug,1
不买,1
这时候,1
过卡顿,1
不太敢,1
信赖,1
电子系统,1
韧性,1
收费站,1
撞击,1
起火,1
广东省,1
至超,1
七成,1
业态,1
38%,1
72%,1
广东,1
夔,1
州,1
折幕,1
多处,1
流传,1
瑰宝,1
加快,1
二期,1
文物展,1
陈中,1
借助,1
全貌,1
伴随,1
Neo8,1
出道,1
巅峰,1
影游,1
俱佳,1
四块,1
宠溺,1
吃得消,1
发力,1
驾屏,1
三块,1
四屏,1
全车,1
系统启动,1
首推,1
首家,1
触点,1
运营商,1
告别,1
烦琐,1
按键式,1
应答,1
客户服务,1
进一,1
号称,1
小哥,1
灯语,1
媒介,1
抹,1
Mixed,1
回路,1
紫色,1
东东,1
浅浅,1
渐渐,1
嘿嘿,1
小冰,1
克隆人,1
半藏,1
森林,1
任福继,1
年内,1
赶上,1
美院,1
外行人,1
看个,1
热闹,1
用心,1
重返,1
四章,1
通完,1
梦游,1
深眠,1
感想,1
省流,1
包装,1
氛围,1
地方,1
不尽人意,1
前期,1
开荒,1
体力,1
预想,1
长草,1
观望,1
功能型,1
信任,1
良性,1
成形,1
潮,1
币圈,1
加密,1
中信,1
建投,1
指出,1
Omniverse,1
海内外,1
积极探索,1
动视,1
暴雪,1
育,1
QCY,1
H4,1
优良,1
上佳,1
降噪,1
六边形,1
战士,1
有线,1
两种,1
免摘,1
通透,1
拍社,1
老王,1
一顿,1
老练,1
海拉鲁,1
流氓,1
心理过程,1
失败,1
盟友,1
紧凑,1
编剧,1
繁复,1
稳中,1
利落,1
海浪,1
韵律,1
观剧,1
QuanMian,1
ZhongGuo,1
二年级,1
久,1
零花钱,1
其他人,1
没多久,1
好怀念,1
总爱,1
往后,1
灰常,1
爸爸妈妈,1
礼物,1
实用主义,1
开箱,1
洛可可,1
白盲,1
盒开,1
不美,1
DAP,1
看似,1
概括,1
归纳,1
奢侈,1
略逊一筹,1
iBasso,1
艾,1
巴索,1
DX320MAX,1
台机,1
HiFi,1
播放器,1
超脱,1
身份,1
中立,1
此人,1
木讷,1
申明,1
利益,1
周围,1
有限,1
编程,1
浙江,1
多所,1
印有,1
涉黄,1
教育局,1
过期,1
抢注,1
究竟,1
该不该,1
印在,1
纸质,1
出版物,1
深思,1
印刷品,1
印刷物,1
书籍,1
🔖,1
断腿,1
现场会,1
盖章,1
走不动,1
本人,1
云南,1
落户,1
大理,1
寻光,1
白尼,1
大理白族自治州,1
验证,1
景,1
环比,1
27.31%,1
报告,1
除开,1
4C,1
高压,1
SKYLINK,1
做梦,1
梦见,1
全系列,1
五部,1
什么游戏,1
两部,1
提早,1
3h,1
11h,1
9h,1
魂,1
穿,1
首批,1
Mate50,1
发现自己,1
Mate40Pro,1
得排,1
SHQT,1
地说,1
松弛,1
no,1
stage,1
头皮发麻,1
谢谢你们,1
love,1
u,1
all,1
ShanghaiQiutian,1
银川,1
铜管,1
livehouse,1
布雷,1
博,1
悬架,1
穹顶,1
阿里巴巴,1
高科三大,1
颇为,1
汲取,1
友情,1
浇灌,1
独自一人,1
陌生人,1
祝福,1
浪漫,1
似曾相识,1
一脸,1
懵,1
差强人意,1
普普通通,1
鸭,1
闪现,1
延时,1
穿梭,1
三文鱼,1
煎饼,1
渲染,1
应有尽有,1
青岛,1
广电,1
二幼,1
总园,1
分园,1
QTV,1
近半年,1
平和,1
接纳,1
明明灭灭,1
世人,1
打量,1
标尺,1
数理,1
解答,1
弧线,1
速途,1
网讯,1
新锐,1
USA,1
TMXR,1
Snapdrag,1
KIDS,1
三城,1
🔜,1
🍃,1
相伴,1
守护,1
同类,1
单向,1
侵略,1
缺氧,1
五月天,1
演唱会,1
一票,1
大麦,1
等待,1
没票,1
纷玩岛,1
填好,1
持票人,1
不定期,1
收货,1
明明,1
选个,1
毛,1
仔,1
周年,1
季,1
丰富多彩,1
乐园,1
太爽了,1
逗,1
各有,1
路面,1
接听电话,1
乘车,1
design,1
by,1
coldstar,1
art,1
flybyartist,1
避坑,1
小新,1
M7208W,1
型号,1
难受,1
线板,1
拔掉,1
插头,1
半个,1
618haier,1
度环,1
坐标,1
狂欢,1
增添,1
目光,1
创业网,1
当今,1
商业模式,1
牢牢,1
重复,1
应当,1
多卷,1
率,1
谱,1
舒,1
镜像,1
真真假假,1
虚虚实实,1
顺畅,1
脑力劳动者,1
单位,1
节约,1
从百信,1
银,1
多媒体技术,1
声,1
实时性,1
体验性,1
各个领域,1
公共,1
订票,1
一塌糊涂,1
订,1
票,1
日期,1
跳出,1
机票,1
我选,1
完才,1
联系,1
出错,1
改不了,1
我付,1
一千多,1
改签,1
认栽,1
改改,1
乘客,1
致歉,1
👮,1
♂,1
交警,1
本田,1
童行,1
童行侠,1
畅玩,1
秘密,1
看过,1
内架,1
不太好,1
原滋,1
原味,1
看中,1
张俊凌,1
运动器材,1
新型,1
健身房,1
新宠,1
本文,1
探讨,1
绝对,1
闭眼,1
三消,1
类别,1
扫荡,1
内驱,1
卖点,1
英伦,1
反倒,1
发了,1
美团,1
回,1
抠,1
典范,1
小键盘,1
丐版,1
热线,1
微信群,1
都行,1
产研,1
推陈出新,1
三款,1
兼具,1
30W,1
50W,1
区间,1
不俗,1
侧重,1
31,1
南岗,1
日常生活,1
当中,1
特立独行,1
年代,1
看脸,1
仅仅,1
受新,1
难以,1
BBA,1
鲜明,1
操,1
数融,1
推官,1
俞,1
俙,1
Web3.0,1
新潮,1
今年以来,1
虹桥,1
苑微,1
开辟,1
有余,1
智能不足,1
刻板,1
2785mm,1
轴距,1
巨幕,1
雷神电,1
表现出色,1
630mm,1
腿部,1
宠爱,1
舒享,1
每一处,1
执着,1
NOS,1
雷神,1
更稳,1
电混高,1
针刺,1
收音机,1
JAZZRADIO,1
限定,1
美貌,1
爵士乐,1
可谓,1
销量,1
双丰收,1
大气,1
心巴,1
驾车,1
GID,1
餐具,1
食物,1
人工制品,1
宇航员,1
😜,1
Nikolas,1
严格,1
华中科技大学,1
华中科大,1
Extended,1
简称,1
统称,1
三者,1
相,1
个人化,1
一项,1
偏好,1
温,1
道,1
县,1
英勇,1
救援,1
男孩,1
王雨铭,1
祁阳,1
一座,1
综合性,1
消防安全,1
实操,1
灾场,1
课堂,1
江苏省,1
南通市,1
如东县,1
小朋友,1
一堂,1
课,1
一支,1
笔,1
画出,1
几何图形,1
书写,1
教,1
大规模,1
丝路,1
汇集,1
石窟,1
壁画,1
丝绸之路,1
境在,1
敦煌,1
伎乐,1
多维度,1
深圳华侨城,1
觉醒,1
刚才,1
高管,1
惊涛骇浪,1
啥时候,1
代替,1
对此,1
碎碎念,1
ai,1
事实,1
调用,1
chatgpt,1
脚本,1
设计者,1
思想,1
rust,1
跟进,1
副驾驶,1
机智,1
115km,1
星舰,1
轻,1
copilot,1
右键,1
机会,1
想想,1
很丝滑,1
谈不上,1
尽善尽美,1
不为过,1
领略,1
华星,1
何止,1
双主屏,1
李斌,1
李总,1
大意,1
人会,1
准确度,1
车上,1
自足,1
人数,1
科普利,1
航天,1
诸多,1
曲柄,1
传动,1
震背,1
震,1
臀,1
扫腿,1
刺激,1
倾斜,1
更高,1
吹风,1
特效,1
包裹,1
多方位,1
点播,1
贯穿,1
隐藏式,1
大溜,1
背景,1
超前,1
5.29,1
深夜,1
会议纪要,1
实质性,1
利好,1
吉,1
比特,1
卢总,1
看法,1
一两年,1
肝度,1
高燃,1
炬火,1
黑镜,1
其为,1
厦门,1
小炬,1
党政,1
政策,1
传统模式,1
演进,1
代际,1
人人,1
可用,1
助理,1
这一,1
作图,1
量身,1
成精,1
再也,1
待在家里,1
面,1
原创,1
炸鸡,1
车业,1
杂谈,1
功能丰富,1
丰富化,1
当代人,1
获取信息,1
东平路,1
造艺,1
序章,1
鉴香,1
技艺,1
梦幻,1
组成部分,1
调配,1
即日起,1
嗑,1
最少,1
电视剧,1
原作,1
小说,1
采访,1
稿,1
迪,1
不用说,1
很少,1
地读,1
亚瑟,1
云用,1
新闻宣传,1
云融,1
生产工具,1
可控,1
运维,1
及媒,1
唱,1
唱响,1
青羊区,1
同步进行,1
冠军,1
精彩演出,1
完全符合,1
独一无二,1
一级,1
没错,1
豪华轿车,1
COMPUTEX2023,1
代工,1
Cloud,1
Engine,1
Games,1
非,1
观看,1
黄仁勋,1
演讲,1
导航系统,1
感性,1
功利性,1
物质性,1
废话,1
几句,1
功率,1
能过,1
翅膀,1
飞行,1
飞出去,1
搬起,1
石头砸,1
顾客,1
有幸,1
mate30p,1
一言难尽,1
冲浪,1
厌蠢症,1
日益增长,1
hold,1
一机,1
2019,1
屏到,1
内屏,1
设,1
消化,1
收回,1
促使,1
发酵,1
质变,1
独处,1
只记,1
定律,1
循环往复,1
多款,1
239g,1
出海,1
咖,1
1V1,1
巨人,1
孵化,1
历程,1
看一看,1
特斯拉,1
已知,1
报名,1
CTIS,1
及创,1
比拟,1
120Hz,1
刷新率,1
7.85,1
给力,1
看微博,1
三倍,1
搜,1
双列,1
车是,1
全屏,1
窗等,1
模糊,1
前端,1
剪纸,1
SCI,1
V,1
wudaoxueshu13,1
翻转,1
扫码,1
新机,1
有用,1
度上,1
➕,1
音效,1
39,1
主人,1
调音,1
和理,1
拉升,1
耕耘,1
火热,1
蔓延到,1
6.6,1
过往,1
取得,1
成绩,1
Shell,1
15%,1
10%,1
50%,1
Update,1
节能,1
6%,1
死死,1
哒,1
玫瑰,1
幻想,1
面上,1
图标,1
对话框,1
🩵,1
大逆,1
打逆检,1
精炼,1
一部,1
跟大逆,1
案子,1
咪,1
酱,1
连线,1
线索,1
难免,1
散漫,1
缺陷,1
这点,1
逆转,1
分寸,1
救,1
下次,1
有空,1
讲讲,1
有助于,1
本格,1
游戏性,1
🧩,1
一屋,1
两人,1
三餐,1
四季,1
江河湖海,1
奇,1
细水长流,1
决心,1
洗牌,1
底气,1
npc,1
尽兴,1
身在,1
巴黎,1
2023.05,1
太强大,1
擅长,1
冲击,1
get,1
神庙,1
神殿,1
略有,1
注水,1
嫌疑,1
迈向,1
工具化,1
应用领域,1
专题研究,1
强势,1
入市,1
从丝滑,1
操控性,1
急速,1
在我看来,1
要选,1
一辆车,1
白日梦,1
跳舞,1
背单词,1
岔着,1
跳累,1
单词,1
背烦,1
两下,1
智选车,1
HI,1
造车,1
制定,1
全栈,1
自研,1
程远,1
Cherio,1
SR4Max,1
智享,1
好不好,1
sr4max,1
机车,1
摩托车,1
TOP1,1
广美,1
研究生,1
第一场,1
撤展,1
前来,1
🤣,1
新大陆,1
终将,1
光明,1
没事,1
视觉艺术,1
批判性,1
巨大力量,1
艺,1
圈京市,1
科委,1
管委会,1
贯通,1
Web3,1
侧边,1
尽力,1
多方面,1
32.60,1
52.45,1
PE,1
发行,1
sz301337,1
55.00,1
开盘,1
首日,1
55.83,1
报收,1
50.80,1
换手率,1
71.48,1
山东省,1
淄博市,1
主营,1
7000,1
样式,1
达成,1
无差别,1
引人,1
陷入,1
偷懒,1
设计方案,1
公共部门,1
Immersive,1
Interactive,1
Ltd,1
Immers,1
可太难,1
负责,1
多渠道,1
吐,1
评车,1
拿不出手,1
照葫芦画瓢,1
胡说八道,1
提问,1
好地解决,1
比得,1
兔,1
永恒,1
波特,1
小姐,1
笔下,1
绘本,1
公教,1
举家,1
带娃,1
明天,1
尤,1
伦斯,1
当代艺术,1
红泥巴,1
三年,1
X30pro,1
WiFi,1
Android13,1
轻快,1
防御,1
城市公交,1
Moto,1
随心变,1
省,1
体,1
恢复,1
表圈,1
1.4,1
1.47,1
容量,1
425mAh,1
18%,1
收录,1
姿,1
较省,1
器材,1
Joy,1
Con,1
马上开,1
试玩版,1
如下,1
肌,1
门时,1
带车,1
人脸识别,1
一点点,1
明白,1
大车,1
收购,1
下场,1
造,1
消灭,1
carplay,1
迟,1
敌有,1
泰酷,1
Aqara,1
集悦妙,1
S1,1
Plus,1
整家,1
系统控制,1
怎能不,1
白鹿,1
妹妹,1
卡片式,1
多达,1
SpikeChunsoft,1
跑者,1
中文版,1
NS,1
港区,1
eShop,1
328,1
港币,1
试玩,1
肌力,1
短时间,1
燃烧,1
脂肪,1
Adobe,1
Inpainting,1
开源,1
点来,1
本地,1
部署,1
webdemo,1
com,1
Zeqiang,1
Lai,1
夏天,1
像样,1
水枪,1
能行,1
吸水,1
战术,1
顶流,1
带个,1
灯效,1
姜兆亮,1
封面,1
凯迪拉克,1
先锋,1
之作,1
合资,1
车强,1
国产车,1
国外,1
跳过,1
难度,1
系数,1
骤降,1
考核,1
指标,1
殁,1
南山,1
万科,1
云城,1
甲,1
古文,1
综合体,1
酒类,1
茶类,1
烟草,1
服务体系,1
品牌战略,1
规划,1
平面设计,1
空间设计,1
第五,1
please,1
tell,1
me,1
修修,1
遛,1
红蝶卡,1
军工厂,1
墙,1
红蝶,1
板子,1
中间,1
键扣,1
脑子,1
扣,1
吊,1
五,1
心跳,1
真棒,1
Civi3,1
一名,1
Civi,1
毕设展,1
tafa,1
比前,1
特别感谢,1
吖,1
留言本,1
节选,1
发发,1
Segway,1
Ninebot,1
招人,1
总部,1
诚邀,1
交通工具,1
项目管理,1
奇妙,1
玩笑话,1
好友,1
维系,1
长久,1
温馨,1
君子之交淡如水,1
TAU,1
申报,1
ing,1
一个月,1
将领,1
会到,1
建,1
视镜,1
便捷性,1
直线,1
优惠,1
频繁,1
层级,1
较为,1
Fol,1
意志,1
尊重,1
我能,1
共鸣,1
考研,1
被迫,1
失恋,1
从没,1
见到,1
两位,1
格调,1
娴熟,1
单,1
美中不足,1
后续,1
Nader,1
谢谢,1
纸片,1
所言,1
重在,1
绘本情,1
巴,1
得以,1
服装设计,1
展为,1
秀,1
同价位,1
有四驱,1
Nissan,1
Connect,1
六类,1
比小高,1
圣树,1
这张,1
大粪,1
更让人,1
不解,1
英杰,1
贤者,1
负面影响,1
补丁,1
追着,1
希多,1
龙套,1
🚬,1
钱包,1
忘带,1
突发,1
ELLE,1
解码,1
理想家,1
阐释,1
超窄,1
星空,1
一体式,1
担当,1
化身,1
站点,1
官,1
🐰,1
跟随,1
📅,1
04,1
DESIGN,1
WEEK,1
杭州,1
国际博览,1
B03,1
SUNRAY,1
升锐,1
ROBBiinSUNRAY,1
2023U,1
Bing,1
操作电脑,1
兜风,1
行驶,1
🎶,1
手持,1
任着,1
吹拂,1
耳旁,1
超棒,1
23,1
汽车行业,1
讲究,1
好处,1
风口,1
ADAS,1
跟车,1
压线,1
红绿灯,1
行人,1
路标,1
车道,1
偏离,1
障碍物,1
Show,1
凌渡,1
10.2,1
承载,1
税务,1
上岗,1
提档,1
南京市,1
建邺区,1
税务局,1
民办,1
税,1
春风,1
千名,1
师进,1
百个,1
名,1
负责人,1
服务厅,1
读报,1
护童,1
安徽省,1
淮北市,1
公安局,1
交警支队,1
辖区,1
首府,1
呵护,1
组织,1
讲解,1
作用,1
内轮,1
危险,1
交通,1
顶满,1
美丽,1
废物,1
购机,1
困难,1
症,1
IT,1
三分,1
野,1
考试,1
dy,1
刷到,1
半夜,1
题,1
头刷,1
剧,1
u1s1,1
tx,1
弹幕,1
逆向,1
烟花,1
甜蜜,1
整屏,1
踩,1
🥭,1
暂停,1
抱金猪,1
大腿,1
新浪,1
看点,1
超话,1
酷玩,1
顾家,1
广汽传祺影酷,1
混动版,1
十余载,1
影酷,1
广汽传祺,1
基因,1
高智能,1
省油,1
耽误,1
走路,1
闺蜜,1
激动,1
控,1
放飞,1
自成,1
车车,1
情车,1
🚗,1
太爱,1
VSC,1
EYEMAX,1
跃然,1
眼前,1
猎跑,1
品,1
触觉,1
焕新,1
划,1
在乎,1
风吹,1
下雨,1
孤独,1
林克去,1
空洞,1
讲话,1
不怎么,1
赋予,1
交易,1
交易平台,1
充满活力,1
寻求,1
艺术品,1
一大,1
爱好,1
取,1
名字,1
扔个,1
最新进展,1
一言,1
百度网,1
盘,1
网盘,1
万张,1
交片,1
我用,1
sanag,1
骨,1
耳,1
夹式,1
实话实说,1
Z51,1
代,1
Z50,1
有所改进,1
原来,1
单耳,1
惊人,1
单月,1
次数,1
达,1
71,1
亿次,1
家居生活,1
愉快,1
离不开,1
发明,1
人际关系,1
期望,1
红毯,1
指定,1
驾岚图,1
圈粉,1
是岚图,1
追光,1
太棒了,1
优美,1
730km,1
百公里,1
3.8,1
平视,1
多姿多彩,1
设计规范,1
大厂,1
经验总结,1
蚂蚁,1
打开方式,1
浓厚,1
文化氛围,1
城,1
火,1
犬建哥,1
人问,1
下图,1
图一,1
通常,1
图二,1
累计,1
油车,1
省钱,1
信息流,1
车企会,1
忽视,1
应用层,1
联接,1
成熟度,1
标,1
图带,1
Polestar,1
极星,1
瑞典,1
前瞻性,1
07,1
iPhone1,1
年间,1
一口口,1
吃掉,1
搜索引擎,1
工种,1
上游,1
pm,1
下游,1
合并,1
留白,1
心之所栖,1
世外,1
画卷,1
步入,1
Temple,1
东景缘,1
工艺流程,1
纳入,1
落地式,1
灯幕,1
投,1
映出,1
手工艺者,1
耐心,1
探索之旅,1
揭幕,1
国企,1
东浩兰生,1
圆满,1
闭幕,1
行天下,1
赛,1
四位一体,1
通用,1
支点,1
感动,1
分发,1
极富,1
尾,1
装载,1
换代,1
资深,1
亲身,1
承袭,1
PURE,1
尽展,1
腾越,1
之势,1
满载,1
高档,1
过后,1
配,1
eletre,1
200,1
NID3.0,1
APA7.0,1
飞屏,1
chatGPT,1
名叫,1
广大,1
惊奇,1
潘多拉,1
魔盒,1
就此,1
抢饭碗,1
深远,1
极强,1
suv,1
曲线,1
猎豹,1
串联,1
热情,1
传唱,1
执委会,1
闭幕式,1
成都市,1
党工委,1
党群,1
工作部,1
承办,1
WATCH4Pro,1
图赏,1
eSIM,1
大版,1
版本号,1
细分,1
大体,1
相同,1
经济性,1
舒适性,1
城新,1
会展中心,1
AOC,1
携,1
旗下,1
参展者,1
示范,1
车端,1
紧张,1
画到,1
转动,1
逛商场,1
长相,1
轿车,1
屁股,1
身上,1
灯光设计,1
魔幻,1
风挡,1
端的,1
HELLO,1
BYE,1
小伙,1
Jupyter,1
检索,1
语义,1
Using,1
Llam,1
抱,1
时隔多年,1
购入,1
从华米,1
稳定,1
马克斯,1
普朗克,1
计算机科学,1
研究所,1
MIT,1
CSAIL,1
研究者,1
GAN,1
到达,1
INCEPTION,1
π,1
Motion,1
跨服,1
慵懒,1
狡黠,1
看绘本,1
工作人员,1
时不时,1
奇奇怪怪,1
包装纸,1
壳,1
塞满,1
抽屉,1
万岁,1
后劲,1
足,1
冷,1
心善,1
金蟾,1
p5,1
线弱,1
符号学,1
孤独感,1
物品,1
损坏,1
林克,1
搜集,1
物语,1
南艺,1
嘉年华,1
小剧场,1
蹦迪,1
外边,1
瞄,1
两眼,1
霸占,1
动画设计,1
漫画,1
没看,1
直奔,1
💜,1
💚,1
1045,1
流形,1
程序代码,1
证据,1
具身,1
有意识,1
键,1
查询,1
KVQ,1
上下文,1
解缠,1
公,1
可可,1
5.20,1
论文,1
哈弗,1
MAX,1
电四驱,1
四驱,1
专用,1
快慢,1
双层,1
全彩,1
液晶,1
问答,1
插件,1
独创,1
普通,1
大海,1
SoC,1
CIS,1
Business,1
Insider,1
报导,1
Burnham,1
专案,1
Astro,1
一层,1
介面,1
現,1
半导体,1
一轮,1
阿里,1
合成,1
诉求,1
查找,1
很快,1
响应,1
极其,1
灵敏,1
宗旨,1
免费,1
Cop,1
matrix,1
of,1
relationships,1
否认,1
服从,1
狗狗,1
善意,1
热烈,1
嬉戏,1
小狗,1
正向,1
朋友圈,1
局限性,1
点有,1
生态建设,1
下多,1
招募,1
恐龙,1
少年儿童,1
4D,1
百科全书,1
抓捕,1
图书,1
百科知识,1
想象力,1
主在,1
AIG,1
饮食,1
合集,1
随身携带,1
常伴,1
身侧,1
凤凰网,1
之门,1
Art,1
有画,1
文总,1
以此,1
为傲,1
xx,1
perfect,1
皆大欢喜,1
60,1
恰当,1
供需,1
雨天,1
卖伞,1
晴天,1
卖扇,1
伞,1
丑,1
so,1
岗,1
薯,1
局部,1
气味,1
无线连接,1
前景,1
香味,1
开幕式,1
高峰会,1
科技领域,1
企业家,1
深入探讨,1
热点话题,1
伴,1
3000,1
余幅,1
风吟,1
一时,1
钻研,1
WPS,1
随处,1
Super,1
Turbo,1
桎梏,1
多幅,1
艺术作品,1
基底,1
千呼万唤,1
始,1
🤖,1
亲测,1
识别率,1
开通,1
plus,1
web,1
差一点,1
Gadio,1
新作,1
非常复杂,1
样态,1
一期,1
原型,1
葛,1
老大,1
钙,1
估值,1
无语,1
登录,1
IOS,1
‼,1
美区,1
用户数,1
持续增长,1
转换成,1
有声书,1
最低,1
跃变,1
标榜,1
道德感,1
利他主义,1
纹身,1
死,1
陌生,1
一部分,1
非常明显,1
地上,1
山西,1
山西大同,1
访古,1
碳水,1
是从,1
市级,1
不输,1
馆藏,1
地去,1
这座,1
K,1
歌,1
4499,1
5999,1
超哥,1
点评,1
攀比,1
不断丰富,1
点赞,1
津卫,1
小张,1
停滞,1
十多年,1
更多地,1
看清,1
原有,1
双雄,1
够快,1
商务人士,1
专业人士,1
白领,1
脱颖而出,1
超轻薄,1
高效能,1
酷睿,1
32GB,1
内存,1
2T,1
毛病,1
拂晓,1
可冲,1
卡有,1
心情,1
每一款,1
两年,1
屏显,1
均,1
约束,1
乐享,1
方针,1
高质量,1
主旋律,1
OLED,1
可观,1
可触,1
可感,1
美好生活,1
万千,1
文博策展,1
贯彻,1
无界空间,1
更佳,1
制造,1
很强,1
入门,1
LCD,1
标杆,1
浅见,1
2000,1
平米,1
试运营,1
真香,1
MT9667,1
全局,1
MEMC,1
远场,1
C1,1
宝宝,1
无障碍,1
宣传日,1
先睹为快,1
Assistive,1
Access,1
认知障碍,1
基本功能,1
减轻,1
负担,1
Live,1
Speech,1
失语,1
和面,1
周二,1
真不卡,1
阿魅,1
滑移,1
真能,1
市集,1
江汉路,1
地铁站,1
干活,1
科创板,1
日报,1
日讯,1
创始人,1
董事长,1
兼,1
首席,1
执行官,1
表达清晰,1
首条,1
首现,1
数智站,1
邂逅,1
蓝,1
不住,1
中午,1
小憩,1
⏰,1
询问,1
知识点,1
解放,1
galaxy,1
z,1
flip4,1
Bixby,1
词可选,1
三项,1
始于,1
家族化,1
靓丽,1
自驾,1
出游,1
非常适合,1
人机系统,1
47,1
走近,1
湖南省,1
西汉,1
眼中,1
巨龙,1
帛画,1
尽情,1
引人入胜,1
情境,1
上车,1
已到,1
来袭,1
美化,1
尽头,1
随便,1
改个,1
毁,1
参演,1
五号,1
入梦,1
感谢,1
台前幕后,1
演职人员,1
辛苦,1
如梦似,1
青年,1
玖,1
团肖战,1
DAYTOY,1
素养,1
拉开帷幕,1
四团,1
时代背景,1
助老,1
老年人,1
活动中心,1
苑,1
身,1
联结,1
令人惊叹,1
teamlab,1
壁垒,1
无相之云,1
与非,1
之海,1
瀑布,1
一度,1
追寻,1
专题,1
一个集,1
策划,1
共同完成,1
经典作品,1
Find,1
X6,1
成绩单,1
老麦,1
煮机,1
持续一年,1
双方,1
终极,1
官宣,1
新款,1
要来,1
一波,1
金水,1
科创行,1
人间烟火,1
夜幕降临,1
华灯初上,1
金水区,1
处处,1
流光溢彩,1
绚丽多姿,1
贰,1
国风,1
朋克,1
装修,1
喝酒,1
驻场,1
歌手,1
歌声,1
摇晃,1
缓解,1
疲惫,1
饮酒,1
玩伴,1
关,1
人赋,1
金融机构,1
新窗口,1
应运而生,1
标准化,1
多家,1
圈子里,1
逐渐,1
生活空间,1
起点,1
产业链,1
上下游,1
议题,1
低估,1
有耻感,1
云杉,1
下去,1
换卡,1
跑过来,1
第一句,1
你好,1
对视,1
白,1
绿,1
窄,1
16,1
电脑桌面,1
i7,1
1260U,1
512G,1
1T,1
一屏,1
加个,1
皮套,1
奇怪,1
交,1
安装,1
定档,1
日后,1
确定,1
大多,1
熊掌,1
兼得,1
正版,1
枫,1
NEXON,1
联运,1
细致,1
BB,1
姬,1
Studio,1
财,1
联社,1
九点,1
特供,1
高血糖,1
评估,1
再迎,1
进展,1
关键词,1
有话耀,1
够用,1
画中画,1
畅所欲言,1
解惑,1
继,1
iPhone4,1
更丝,1
生,1
员工,1
跃升,1
总裁,1
吴晓如,1
副总裁,1
事业部,1
刘俊峰,1
🫨,1
裤裤,1
码字,1
连轴转,1
焦头烂额,1
闲着,1
水果,1
有福,1
移步,1
结课,1
✌,1
🏻,1
妮,1
妮子,1
の,1
plog,1
暨南大学,1
517,1
致辞,1
容联易通,1
有限公司,1
GTM,1
闫玉华,1
容联云,1
中台,1
人机对话,1
联络,1
坐席,1
知,1
前会,1
空间感,1
听感,1
嗅感,1
五感,1
细致入微,1
定义新,1
讲到,1
台座,1
好奇,1
灵魂,1
IDC,1
2026,1
102.4,1
亿元,1
多么,1
命运,1
潜质,1
冰冷,1
生动活泼,1
面积,1
4200,1
多平方米,1
分为,1
打造出,1
尖端科技,1
倍感,1
骄傲,1
复合型,1
阵地,1
伦敦大学,1
UCL,1
Digital,1
Media,1
Interaction,1
侧重于,1
帝国,1
理工学院,1
Imperial,1
College,1
London,1
Visual,1
Computing,1
Human,1
Computer,1
忙碌,1
一遍,1
遍,1
探寻,1
真谛,1
忘却,1
体验生活,1
一帧,1
春天,1
全然,1
春花,1
烂漫,1
迈开,1
脚步,1
号召,1
主旨,1
86,1
耗时,1
40min,1
藏品,1
99,1
石景山区,1
园内,1
前身,1
为首,1
粉储,1
料仓,1
场馆,1
1830,1
表厂,1
制表,1
P5,1
多杂,1
不乱,1
思维,1
蕴含,1
五维,1
关卡,1
两类,1
宫殿,1
一两个,1
摸清,1
看久,1
一匹,1
老万,1
辛辛苦苦,1
抢到,1
息,1
屏时,1
圆圈,1
这闪,1
呼吸,1
灯,1
mback,1
再用,1
网络信息中心,1
💻,1
看不见,1
👓,1
潜入,1
神秘,1
海域,1
🚞,1
铁路,1
车务,1
🐟,1
流场,1
遥远,1
ROM,1
剩下,1
Filp,1
感过,1
池,1
话语权,1
有种,1
生怕,1
装饰,1
喧宾夺主,1
web3D,1
Web,1
技术相结合,1
备,1
本子,1
装在,1
包里,1
不为人知,1
蕾,1
哈娜,1
特工,1
舞女,1
泡泡,1
情不自禁,1
带入,1
体内,1
全是,1
器官,1
抽象,1
胜过,1
具体,1
珍惜,1
流淌,1
眼泪,1
体液,1
直至,1
蒸发,1
魔镜,1
竖,1
最爽,1
幸福感,1
EV,1
搭子,1
俊明,1
直板机,1
众所周知,1
屏有,1
怎样才能,1
本期,1
揭晓,1
得分,1
最全,1
资管,1
研究院,1
发起,1
交通银行,1
建设银行,1
邮储,1
中国银行,1
农业银行,1
工商银行,1
摩托罗拉,1
Razr,1
Android,1
稀巴烂,1
敢,1
懂吗,1
生活化,1
拟人化,1
变换,1
来组,1
红魔,1
版实,1
拍图,1
黑红,1
硬核,1
竞范儿,1
更显,1
潮酷,1
RGB,1
炫,1
效和,1
拉丝,1
种草,1
TTC,1
烈焰,1
雪轴,1
全键,1
热插拔,1
Gasket,1
消音,1
标载,1
牵引车,1
TAI3.0,1
小红,1
动手,1
普法,1
强基,1
西双版纳,1
中院,1
景洪,1
四中,1
西双版纳州,1
中级,1
人民法院,1
景洪市,1
第四,1
庭审,1
评,1
角色扮演,1
中身,1
圆形,1
外圈,1
指针,1
商行,1
按击,1
草图,1
于微软,1
GameSpot,1
打出,1
简评,1
华丽,1
宁静,1
角落,1
谜团,1
讲述,1
回味无穷,1
从未见过,1
偶尔,1
英语,1
指点,1
流利,1
结巴,1
留学网,1
课花,1
几十万,1
十几块,1
能练,1
听力,1
连日来,1
泉港区,1
党建,1
邻里,1
大厅,1
学校,1
师生,1
纷纷,1
火灾,1
疏散,1
逃生,1
紧急,1
避险,1
自救,1
救人,1
C,1
探歌,1
New,1
ROC,1
矩阵式,1
IQ,1
Light,1
灵眸,1
感光,1
照亮,1
前行,1
八分,1
区远光,1
向来,1
车及,1
夜间,1
安全系数,1
贵研,1
粮食,1
基酒,1
调味,1
成型,1
验收,1
入库,1
勾兑,1
调和,1
可靠性,1
诊断,1
鉴酒,1
带有,1
privilege,1
容纳,1
提,1
996,1
不停,1
因素,1
电气,1
填补空白,1
团体,1
标准规定,1
规范性,1
引用,1
请,1
中国东方航空,1
沪,1
参展,1
设有,1
客舱,1
餐食,1
集中,1
四精,1
三秒,1
E200,1
身位,1
E300P,1
踏板,1
怪兽,1
50km,1
时速,1
135km,1
双通道,1
ABS,1
TCS,1
活塞,1
双电,1
80%,1
1700W,1
九,1
喜讯,1
我校,1
荣获,1
教育厅,1
普通本科,1
高校教师,1
大赛,1
高校,1
公示,1
评出,1
一等奖,1
二等奖,1
54,1
87,1
组织奖,1
拖后腿,1
第一台,1
Travel,1
Assist,1
大幅度,1
更上一层楼,1
百家,1
家居设计,1
概念设计,1
Bingo,1
监视,1
伴侣,1
存放,1
药品,1
药物,1
摄入,1
跌倒,1
警报,1
Designer,1
Carolina,1
Villalobos,1
来讲,1
SJCAM,1
C300,1
700,1
上午,1
媒体报道,1
CHiQ,1
公测,1
陆续,1
鲁大,1
我游,1
🆙,1
枯燥,1
成长性,1
戳击,1
长图,1
新版,1
👇,1
情报站,1
都市,1
悬疑,1
逆光,1
迷途,1
Steam,1
条,1
好评,1
好评率,1
93%,1
荣归故里,1
退役,1
兵王,1
性格,1
迥异,1
四位,1
女主,1
老宅,1
隐匿,1
密室,1
尘封,1
阴谋,1
全景式,1
搜证,1
解谜,1
档位,1
正面,1
35.6,1
超清,1
后排,1
空调,1
位是,1
超极,1
路线,1
力,1
佳作,1
不同于,1
独树一帜,1
美式,1
独有,1
23.6,1
环抱,1
清屏,1
境界,1
触手,1
日起,1
账户,1
注册,1
繁琐,1
一言以蔽之,1
符合中国,1
本土化,1
RCA,1
Buket,1
诗歌,1
在内,1
传统媒体,1
留学,1
蓄力,1
技术创新,1
队伍,1
助推,1
提质,1
增效,1
宇宙空间,1
时髦,1
美生,1
美作,1
飨,1
导电,1
墨水,1
观者,1
桃源,1
出萝萝打,1
宿舍,1
磨面,1
种田,1
烧窑,1
烤饼,1
腌菜,1
砍,1
竹子,1
木头,1
挺累,1
😂,1
构景,1
苦于,1
房子,1
建筑,1
做饭,1
村民,1
吃饭,1
萝萝干,1
iphone16Pro,1
固态,1
伟大,1
秉持,1
刘海粟,1
法,1
五代,1
黄筌,1
画境,1
刻画,1
冬日,1
冷峻,1
枯木,1
白雪,1
乌鸦,1
生机,1
交织,1
完全相同,1
附,1
满帧,1
59.4,1
帧,1
不超,1
Camarts,1
tvOS,1
上架,1
Store,1
最小,1
遥控器,1
定时,1
屏保,1
幻灯片,1
HDR,1
电脑屏幕,1
无法比拟,1
探境,1
中国家电,1
堪称,1
赋智,1
下午,1
塑,1
情商,1
启,1
助,1
zhidxcom,1
徐珊,1
云鹏智,1
出货,1
不同之处,1
pico,1
一说,1
L8,1
Max,1
一路上,1
同伴,1
女士,1
驾龄,1
坐,1
这辆,1
位后,1
并开,1
Appetite,1
社的,1
流水线,1
ADV,1
同社,1
出众,1
一档,1
结局,1
催眠,1
临时工,1
叛逆,1
不良,1
批发商,1
扎堆,1
增量,1
水贝,1
翻倍,1
交易额,1
破,1
八成,1
购物,1
璞,1
逐梦为,1
🕰,1
相约,1
潮聚,1
共赴,1
之约,1
凝塑,1
美好时光,1
传达,1
🪅,1
共启,1
鉴赏,1
之境,1
卡萨帝,1
三联,1
思享,1
荟,1
暨,1
韩玉臣,1
画展,1
购物者,1
中以,1
赵姗妮,1
摘要,1
表述,1
常,1
区分,1
来源于,1
地理,1
肤色,1
人种,1
究其,1
他者,1
野蛮,1
猎奇,1
异域,1
亲密关系,1
主体性,1
据统计,1
天津市,1
现存,1
109,1
37,1
百年,1
历史文物,1
记得,1
或触,1
脱身,1
打会,1
酣畅淋漓,1
大打折扣,1
XBOX,1
主机,1
经久不衰,1
长假,1
收官,1
全市,1
接待,1
1939.4,1
万人次,1
同比,1
42.5%,1
热门,1
目的地,1
仅次于,1
绿道,1
亮眼,1
线路,1
民俗,1
广安市,1
广安区,1
艺术节,1
莘莘学子,1
高效化,1
展示区,1
平安,1
1.64,1
AMOLED,1
更棒,1
内在,1
动机,1
生存,1
推动力,1
内心世界,1
周围环境,1
复杂性,1
喜悦,1
积,1
锋兰达,1
混双,1
擎,1
旅,1
丰田,1
丰,1
汇通,1
广渠路,1
赶紧,1
1.0,1
泊入,1
划线,1
车位,1
Beta,1
幻彩,1
组队,1
国盛,1
日日,1
Prime,1
Video,1
娱乐性,1
波士顿,1
狗,1
想像,1
一间,1
闻,1
半点,1
书香,1
置身,1
不计其数,1
背靠,1
云端,1
託,1
临港,1
教授,1
论语,1
商道,1
案例,1
数实,1
共生,1
新时空,1
680,1
空间数据,1
浦东,1
科学城,1
4.1,1
平方公里,1
街区,1
去过,1
有过,1
长江,1
可惜,1
扬州,1
喝茶,1
遇上,1
西安站,1
原版,1
战服,1
武器,1
视听享受,1
国际展览,1
民俗文化,1
科创,1
场地,1
净化,1
亲水,1
碧廊,1
身心,1
报业,1
谢伟,1
穹游,1
六天,1
卡芙卡,1
姬子,1
一贯,1
富有,1
海边,1
五个,1
对应,1
AIoT,1
环游,1
辐射,1
Y10,1
清新,1
刷头,1
紧致,1
刷毛,1
软硬,1
适中,1
力度,1
清洁,1
刷牙,1
趁手,1
兵器,1
先说,1
屏下,1
指纹识别,1
比友商,1
低,1
个别,1
成像,1
质量,1
何以,1
剧场,1
徐志胜,1
何广智,1
兄弟,1
芒果,1
种新,1
五大,1
橙盒,1
xAIoT,1
之家,1
罗浮,1
结论,1
CRPG,1
地玩,1
Pass,1
彻彻底底,1
ff,1
dq,1
仙剑,1
单机,1
CG,1
↓,1
新华社,1
wy,1
没冷,1
过场,1
万分,1
沉默寡言,1
大眼瞪,1
小眼,1
担忧,1
苟言笑,1
唠,1
audiovisual,1
稀缺,1
少之又少,1
弄,1
渴望,1
到视,1
从业者,1
软件程序,1
绝不能,1
瞎,1
糊弄,1
一份,1
工,1
躺平,1
35,1
展将设,1
参观,1
地点,1
佛山市,1
新凯,1
教养,1
隐形,1
持久,1
疗愈,1
第六届,1
小白鹭,1
会场,1
乘务员,1
写实,1
形象,1
骨骼,1
精尊细,1
前天,1
AWE2023,1
海尔,1
博观,1
科技进步,1
冰箱,1
一大堆,1
叉叉,1
保鲜,1
调温,1
记录,1
食材,1
口味,1
菜谱,1
会放,1
放电影,1
播,1
我妈,1
美股,1
科技股,1
集体,1
带动,1
A股,1
股,1
同行者,1
走强,1
共识,1
二次,1
MagicBook,1
首销,1
75Wh,1
代酷,1
睿,1
标压,1
Magic,1
强悍,1
三叉戟,1
销价,1
4999,1
元起,1
图看,1
新境,1
循环,1
永续,1
亚洲,1
构想,1
唐三彩,1
换台,1
我换,1
初衷,1
绿牌,1
节省,1
E5,1
EYEMAX30,1
连贯,1
双生,1
理,1
one,1
L9,1
车牌号,1
ONE,1
白泽,1
3.6,1
s,1
一杯,1
分布式,1
轻音,1
打扰,1
陈水,1
水哥教,1
辨好,1
本事,1
厨热,1
电器,1
